STATE,Native_Ratio_1970,Foreign_Ratio_1970,Europe_Ratio_Total_1970,Europe_Ratio_Foreign_1970,Asia_Ratio_Total_1970,Asia_Ratio_Foreign_1970,Africa_Ratio_Total_1970,Africa_Ratio_Foreign_1970,Oceania_Ratio_Total_1970,Oceania_Ratio_Foreign_1970,Americas_Ratio_Total_1970,Americas_Ratio_Foreign_1970,Other_Ratio_Total_1970,Other_Ratio_Foreign_1970,Total_Population_1970,Native_Ratio_1980,Foreign_Ratio_1980,Europe_Ratio_Total_1980,Europe_Ratio_Foreign_1980,Asia_Ratio_Total_1980,Asia_Ratio_Foreign_1980,Africa_Ratio_Total_1980,Africa_Ratio_Foreign_1980,Oceania_Ratio_Total_1980,Oceania_Ratio_Foreign_1980,Americas_Ratio_Total_1980,Americas_Ratio_Foreign_1980,Other_Ratio_Total_1980,Other_Ratio_Foreign_1980,Total_Population_1980,Native_Ratio_1990,Foreign_Ratio_1990,Europe_Ratio_Total_1990,Europe_Ratio_Foreign_1990,Asia_Ratio_Total_1990,Asia_Ratio_Foreign_1990,Africa_Ratio_Total_1990,Africa_Ratio_Foreign_1990,Oceania_Ratio_Total_1990,Oceania_Ratio_Foreign_1990,Americas_Ratio_Total_1990,Americas_Ratio_Foreign_1990,Other_Ratio_Total_1990,Other_Ratio_Foreign_1990,Total_Population_1990,Native_Ratio_2000,Foreign_Ratio_2000,Europe_Ratio_Total_2000,Europe_Ratio_Foreign_2000,Asia_Ratio_Total_2000,Asia_Ratio_Foreign_2000,Africa_Ratio_Total_2000,Africa_Ratio_Foreign_2000,Oceania_Ratio_Total_2000,Oceania_Ratio_Foreign_2000,Americas_Ratio_Total_2000,Americas_Ratio_Foreign_2000,Other_Ratio_Total_2000,Other_Ratio_Foreign_2000,Total_Population_2000,Native_Ratio_2010,Foreign_Ratio_2010,Europe_Ratio_Total_2010,Europe_Ratio_Foreign_2010,Asia_Ratio_Total_2010,Asia_Ratio_Foreign_2010,Africa_Ratio_Total_2010,Africa_Ratio_Foreign_2010,Oceania_Ratio_Total_2010,Oceania_Ratio_Foreign_2010,Americas_Ratio_Total_2010,Americas_Ratio_Foreign_2010,Other_Ratio_Total_2010,Other_Ratio_Foreign_2010,Total_Population_2010
Alabama,0.9953579230625397,0.004642076937460295,0.002923219327392435,0.6297222917187891,0.0006376032621130103,0.1373530147610708,6.707028850095873e-05,0.014448336252189142,5.4585343022425284e-05,0.011758819114335751,0.000847524554693933,0.18257443082311733,0.00011207416173753276,0.024143107330497873,3444148,0.9899837899806055,0.010016210019394498,0.0038254823970283684,0.38192913183939287,0.0023958059399756745,0.23919286190451772,0.000346183557410999,0.03456233013691606,7.344844022221492e-05,0.007332957284241833,0.0015932661648203543,0.15906876570432285,0.0017820235199368856,0.17791395313060868,3893888,0.9892260703704685,0.01077392962953155,0.0034579134170356933,0.3209519215307927,0.004280071187676444,0.3972618473342062,0.00044869718186986196,0.041646566972182025,6.805941809939992e-05,0.006317046838030919,0.0019977295378122042,0.18542255300576574,0.0005214588870379477,0.04840006431902235,4040587,0.9802630928020508,0.019736907197949224,0.004140900811764971,0.20980494918652873,0.00589935013829237,0.2988994212277264,0.0008234579838546468,0.04172173358246366,0.0001189539250297947,0.006026978991022194,0.008753120010793551,0.4434899512372966,1.1243282138921994e-06,5.696577496240259e-05,4447100,0.965098885862091,0.034901114137908945,0.0038674354649441967,0.11081123226216609,0.009437497043325074,0.27040675567070904,0.0014166920993040877,0.04059160099319875,0.00014024581952330655,0.0040183765758633515,0.020039243710812282,0.5741720344980628,0.0,0.0,4777326
Alaska,0.9741562410530591,0.025843758946940895,0.012374243463323368,0.478809738503156,0.0051700834271028225,0.20005152647172486,0.0001364928657509438,0.005281463351796986,0.0003295803343742301,0.012752801751900038,0.006498392047459568,0.25144918201726135,0.0013349668089299624,0.05165528790416076,300382,0.9596467347350137,0.040353265264986275,0.012713667503626966,0.31505920078934385,0.013402977720597934,0.3321410952146029,0.00042801934050182777,0.010606808090774543,0.0004329963095774304,0.010730143068574248,0.009702601212887364,0.24044153922052294,0.003673003177794755,0.09102121361618155,401851,0.9548871633672277,0.045112836632772345,0.010628259972402158,0.23559281051019584,0.020680201366075016,0.4584105746755864,0.00041087696780069924,0.009107761747400661,0.0008162998165597963,0.01809462400257919,0.010842788654705178,0.24034819053759973,0.0017344098552295002,0.038446038526638186,550043,0.9407112733119382,0.059288726688061864,0.011843389713716958,0.19975786924939468,0.030028775050563696,0.506483723432876,0.0005885805797119942,0.009927360774818402,0.0015902841137475834,0.026822706483723435,0.01523769723032163,0.2570083400591875,0.0,0.0,626932,0.9306169398668896,0.06938306013311041,0.011422520773013433,0.16462982104132465,0.03829209198201758,0.5518939624247583,0.0026802073856165955,0.03862913195922255,0.0019208621661869199,0.02768488680813117,0.015054722072618714,0.21697979368071177,0.0,0.0,711139
Arizona,0.9567619274569384,0.043238072543061605,0.015387152131721114,0.35587044534412954,0.00251229182113205,0.05810369596447695,0.0001428657744990804,0.0033041661225022855,0.00017110011728545995,0.003957163379913804,0.02322782912349871,0.5372077837273084,0.001796833574925193,0.04155674546166906,1770893,0.9401055472065307,0.05989445279346924,0.01573164742303313,0.2626561674631156,0.006517512411637784,0.10881662837978945,0.0005393245199515123,0.009004582140707346,0.00032926019464979775,0.005497340392860214,0.03312247191631273,0.5530140166824319,0.0036542363278842917,0.06101126494109554,2718215,0.9240961271713519,0.07590387282864804,0.012837673399853979,0.16913067701874518,0.009800481716280679,0.1291170180262756,0.0007958577201745703,0.010485073956255279,0.0003716003479183287,0.004895670458834313,0.04886053473344632,0.6437159648460667,0.0032377249109741602,0.0426555956938229,3665228,0.8721048401054685,0.1278951598945315,0.01396981892289293,0.1092286755371596,0.015095606155343045,0.11803109803210385,0.0016518432816853752,0.01291560433598554,0.0006151288964010671,0.00480963389786081,0.0965627626382091,0.7550149881968902,0.0,0.0,5130632,0.8644795124114429,0.13552048758855706,0.012834077291471397,0.09470211862309641,0.022755338927174774,0.16791069256082106,0.0034458075747869398,0.025426469724994506,0.0005872738001481521,0.004333468766221733,0.09589798999497581,0.7076272503248663,0.0,0.0,6410979
Arkansas,0.9956911253925667,0.004308874607433289,0.002782284062311516,0.6457101484252443,0.0006842619745845552,0.1588029443707011,1.5078721324431689e-05,0.0034994569808133222,4.8355899419729206e-05,0.011222396524677205,0.0006426655019654334,0.14914926994087124,0.00013622844782762422,0.03161578375769277,1923240,0.9902157725892055,0.009784227410794533,0.0039222632613654,0.4008761342809888,0.002766315246223925,0.2827321085333691,0.0002707271363498197,0.027669751016941576,9.534493654969418e-05,0.009744758839569085,0.001350574147089246,0.13803584998435475,0.0013790026832164483,0.14094139734477673,2286435,0.9894215614331748,0.01057843856682513,0.003338119090918759,0.3155587726706076,0.0038434950919397208,0.3633329311939518,0.0002769358389433047,0.026179273736276994,0.0001344266130661817,0.012707604455704347,0.0025532548469089323,0.24136405678208067,0.0004322070850482298,0.04085736116137853,2350725,0.9724358494800628,0.02756415051993716,0.0037510286526520535,0.13608359343194462,0.005927283608887559,0.21503596146017098,0.0005622054312860029,0.020396254579997285,0.0004357746689608738,0.015809472112905416,0.01688785815815067,0.6126747184149817,0.0,0.0,2673400,0.9557158688946403,0.04428413110535967,0.0036315668920151476,0.0820060550217191,0.009263907347896633,0.20919248310091446,0.000663152711656812,0.014974951412709351,0.0011946349779794897,0.0269765929275488,0.029530869175811592,0.6668499175371083,0.0,0.0,2916372
California,0.9119124506997538,0.08808754930024616,0.03433219236425922,0.38975079494195075,0.013806474060825049,0.156735817609884,0.0006103529815450023,0.006928935887007321,0.0014460369997871456,0.016415906802655304,0.03558251154564765,0.4039448461026513,0.002309981348182099,0.026223698655851283,19957304,0.8487388954035723,0.1512611045964277,0.029246022735771003,0.19334793841285822,0.03704924923214571,0.24493573103935076,0.0014598252096869422,0.009651028356442524,0.0012633143402402123,0.008351878320674697,0.07453212371759863,0.4927381954300421,0.007710569360985186,0.050975228440631695,23667902,0.782969743200114,0.217030256799886,0.022589500188860755,0.10408456646526265,0.06722444853113511,0.30974689668786504,0.0022131704812977113,0.0101975204468305,0.0015079290434640486,0.006948012989978827,0.11459793660763881,0.5280274662961142,0.008897271947489554,0.040995537113948745,29760021,0.7382986797689914,0.26170132023100856,0.020565223162451383,0.0785828025028612,0.08616769990051856,0.329259706540482,0.0033436518943512875,0.012776595438646563,0.0019819230525777785,0.007573225273866783,0.1496408441655983,0.5718001117973254,1.9780555112051237e-06,7.558446818147718e-06,33871648,0.7292774121670723,0.27072258783292774,0.01786472297920529,0.06598903742095664,0.09788635884065905,0.3615744058307691,0.004152758676822773,0.01533953524183059,0.002002193271288883,0.007395737782044643,0.1488156699406415,0.549698017930003,0.0,0.0,37325068
Colorado,0.9726760656542798,0.02732393434572019,0.017721980066679986,0.6485881514151647,0.002558376701601398,0.09363134419923397,0.0001852976927492424,0.00678151580971962,0.00019526480580665885,0.007146291721244881,0.0056576958118643985,0.2070600719603389,0.0010053192670185058,0.03679262489429789,2207259,0.960508158579138,0.03949184142086199,0.016781869947168893,0.42494523788662053,0.008290068665215207,0.20991851397529132,0.0009121220887180602,0.02309646893892929,0.000305194113144662,0.007728029440112152,0.010761033701457872,0.2724875142381495,0.002441552905157296,0.06182423552089722,2889964,0.9567647342728284,0.04323526572717167,0.013748203766762567,0.3179858741592597,0.01117747300413976,0.2585267562520185,0.0010047371383022188,0.023238833424603676,0.0003442211223065608,0.00796158220649564,0.01567268517366168,0.3624977182414311,0.0012879455219988866,0.02978923571619136,3294394,0.9140012661403248,0.0859987338596751,0.015175549681825865,0.17646247800098944,0.016836225469693655,0.19577294588040647,0.0022697994843837656,0.026393405838828016,0.00071258172893949,0.008285956047936891,0.05100248508518781,0.5930608835289252,2.0924096445205254e-06,2.4330702914007185e-05,4301261,0.9028419031845664,0.09715809681543365,0.013743212423602274,0.14145205468268449,0.02099327503696816,0.21607334566102124,0.004822865151928878,0.04963935389852925,0.0008207655468045568,0.008447731827885883,0.056777978656129775,0.5843875139298791,0.0,0.0,5042853
Connecticut,0.9137073033161208,0.0862926966838792,0.06292927577056474,0.729253786112364,0.0026358105422526266,0.0305450014142974,0.0003997750440758583,0.004632779591306276,0.0004894935358156549,0.00567247930156643,0.016028934213586084,0.18575076257386838,0.0038094075775842308,0.04414519100659751,3031705,0.9138215766887117,0.08617842331128828,0.05509310150419491,0.6392911286528308,0.006191642617911839,0.07184678461274206,0.0009341686253208288,0.010839936371851265,0.00031374936606538346,0.0036406951300568323,0.01930894047321771,0.22405771341941555,0.004336820724577613,0.05032374181310351,3107576,0.9150066502064423,0.08499334979355763,0.043287185484175185,0.5093008522351038,0.011819479446420509,0.13906357938743588,0.0015341715960130401,0.018050489829374013,0.00033494406647042573,0.003940826750374934,0.02465626403205728,0.2900963909758289,0.0033613051684211934,0.039547860821882504,3287116,0.8913639880607183,0.10863601193928174,0.041444224379801886,0.38149618749780384,0.020600399640001,0.18962772355372237,0.0028623737911330424,0.02634829592909638,0.00040756820087122105,0.0037516859611803214,0.04331968410528062,0.3987598893955407,1.7618221939678145e-06,1.6217662656399084e-05,3405565,0.8651032287268424,0.13489677127315755,0.03777658275136449,0.28004067402672866,0.030890655176497035,0.22899477048227773,0.005202657288353186,0.03856769320162696,0.0004327849431150942,0.003208267618494231,0.060594091113827755,0.4491885946708724,0.0,0.0,3572213
Delaware,0.9714501006216099,0.028549899378390163,0.019757595882450605,0.6920373210633947,0.003306008286914812,0.11579754601226994,7.845383903826541e-05,0.0027479550102249488,0.0002499575801916828,0.008755112474437627,0.003747539194990631,0.13126278118609408,0.0014103445948041664,0.04939928425357873,548093,0.9683193738243222,0.031680626175677816,0.01764652436828875,0.557013118062563,0.006188397847689362,0.19533698019013224,0.0006309541035572351,0.019916086887248392,0.00013460354209221016,0.0042487652026129905,0.004467155053185225,0.14100589516171863,0.0026129912608650295,0.08247915449572468,594338,0.9665624887415787,0.0334375112584213,0.01301023165327665,0.3890909090909091,0.010107060080940544,0.30226711560044894,0.0009096804409698454,0.027205387205387205,0.0001531145296681918,0.004579124579124579,0.008169110494649998,0.2443097643097643,0.0010883140589160692,0.03254769921436588,666168,0.9427029096477795,0.05729709035222052,0.012690148034711588,0.2214797986547285,0.017224349157733538,0.3006147267138848,0.0028688106176620724,0.050069045391776916,0.00011230219499744768,0.001959998218183438,0.024401480347115874,0.42587643102142636,0.0,0.0,783600,0.9167843347246123,0.08321566527538769,0.011370567173000374,0.13663974367532208,0.025725144451196547,0.3091382417729124,0.007905515974896988,0.09500033375609104,0.00017553000618798819,0.0021093384954275415,0.038038907670105794,0.457112342300247,0.0,0.0,900131
District Of Columbia,0.9556346927660835,0.04436530723391655,0.018732517990937114,0.4222334783385972,0.007497766004134875,0.16900065550324772,0.0026014815754826226,0.058637745068827844,0.000660945522226276,0.014897801084559919,0.013382824934037637,0.30165067636016923,0.0014897712070980262,0.033579643644598055,756492,0.9364610634261428,0.06353893657385722,0.016212541103154624,0.2551591508666387,0.009130030877300719,0.14369190561897482,0.005293475349073289,0.08331073251312902,0.0004543083312315046,0.007150077664636702,0.023995312791286052,0.3776473778939323,0.00845326812181103,0.13304075544268842,638333,0.9029708353929807,0.09702916460701928,0.017273026857801944,0.17801891758792263,0.016081726808370406,0.16574116528266,0.010827154391168232,0.11158659806069252,0.0005404514747075301,0.005569989980810705,0.04637502059647389,0.4779492927131625,0.005931784478497282,0.06113403637475164,606900,0.8714101167886529,0.1285898832113471,0.02256585422133032,0.17548701078016885,0.021856137216615768,0.16996778184092115,0.01609624182121075,0.1251750248093419,0.0010226217925074163,0.007952583570098285,0.06703853973104172,0.5213360340397765,1.0488428641101705e-05,8.156495969331575e-05,572059,0.8645533949970202,0.13544660500297973,0.023697543082314913,0.1749585608424337,0.025916247220429248,0.19133921606864274,0.02025723101101263,0.14955879485179407,0.0014015474801034734,0.010347601404056161,0.06417403620911946,0.4737958268330733,0.0,0.0,605759
Florida,0.9204222239340453,0.07957777606595474,0.032490433961377636,0.40828527219018146,0.002210215567452889,0.02777428167408252,0.00023242170901243897,0.002920686157650421,0.0010456031129780128,0.013139385952573092,0.04140155298353326,0.5202652678961435,0.0021975487316005004,0.027615106129369,6789383,0.8913711467010537,0.10862885329894635,0.03122838928810493,0.28747785086310795,0.005734572337221706,0.052790507890570985,0.000869045601192819,0.008000136011757461,0.00029272574972882083,0.00269473294469233,0.06246406337404749,0.5750227630788528,0.008040056948650589,0.07401400921101846,9746324,0.8714940091634471,0.12850599083655292,0.023375925940525552,0.1819053398861182,0.00898737556544998,0.06993740530650469,0.001148252045961617,0.008935397007459997,0.00029200970851124054,0.002272343153889598,0.0890486620498525,0.6929533905007876,0.0056537655262520435,0.0439961241452399,12937926,0.8328891983408226,0.16711080165917738,0.022238680626875423,0.1330774576273725,0.01451448589189919,0.08685546205146868,0.0021583146137577275,0.01291547040842765,0.00031015409596744616,0.0018559787451681651,0.12788703908767518,0.7652829010329381,2.1273430023992675e-06,1.2730134624917815e-05,15982378,0.8070265995211476,0.1929734004788524,0.020060733426980094,0.10395595132386402,0.019382899327471656,0.10044337343579016,0.003185412539967907,0.01650700320387934,0.0003602300897551685,0.0018667344248548157,0.14998412509467757,0.7772269376116117,0.0,0.0,18885152
Georgia,0.9928123969810673,0.007187603018932715,0.004284062403245272,0.5960349217897417,0.0009373429182565944,0.13041105856675156,9.979150547687594e-05,0.013883836546623014,6.340464649294955e-05,0.008821389596216806,0.0015580983748147157,0.21677579725960955,0.00024490317064630686,0.034072996241057356,4589569,0.9832549438460363,0.016745056153963725,0.006123989928804224,0.36571928290336686,0.004177477826254484,0.2494752951464801,0.0005103324940670187,0.030476606908613906,0.00011660035822119472,0.0069632706602536076,0.003281650270313311,0.1959772627896808,0.002535005276303494,0.15138828159160472,5463105,0.9732756672516014,0.026724332748398635,0.006128847818596972,0.22933585943185889,0.009062371492398524,0.3391056224945993,0.0016938305237120838,0.0633815833554752,0.00015729639147567788,0.005885886579716507,0.008501877677434651,0.3181324584406733,0.0011801088447807235,0.04415858969767684,6478216,0.9294843566560511,0.07051564334394884,0.009070717195835607,0.12863411245632483,0.017797207166522548,0.25238665241575475,0.004937791739597112,0.07002406140595524,0.00024687126402606844,0.0035009432279008374,0.0384630559779675,0.5454542304940644,0.0,0.0,8186453,0.9032829969090754,0.09671700309092457,0.009102513966394186,0.09411492990365744,0.025726823289844356,0.2660010387796893,0.007732303924137036,0.07994772043203018,0.0002808153403408839,0.0029034743774772128,0.05387289955941432,0.5570158073319114,0.0,0.0,9714569
Hawaii,0.9016406027383714,0.09835939726162858,0.007279857499554361,0.07401283153647728,0.08005110863316935,0.813863350750711,0.0001756533981125717,0.001785832396322508,0.004391334952814293,0.0446458099080627,0.003591136139190355,0.03651035121370461,0.0028703066387876534,0.029181824194721873,768559,0.8579690284246458,0.1420309715753542,0.009433072351664937,0.06641560109768202,0.11214264463957889,0.7895647223681905,0.0005110444691616279,0.0035981199275996966,0.007636642199419296,0.05376744321831027,0.0059884460412712465,0.04216295907047352,0.006319121874258182,0.04449115431774391,964691,0.8531855780709583,0.14681442192904173,0.0075634187519005545,0.05151686498180746,0.12067451763128378,0.8219527485495133,0.0006307360662823297,0.004296145147015439,0.0074325793676216735,0.050625676074343595,0.006654761786598257,0.04532771167273085,0.003858408325355139,0.02628085357458944,1108229,0.8248266458226203,0.17517335417737964,0.008649343767462323,0.04937590998402669,0.1458535727757386,0.8326241936775841,0.0008584137339594251,0.0049003670563400855,0.011103251489636718,0.06338436311719887,0.00870877241058259,0.049715166164850236,0.0,0.0,1211537,0.8188914898769382,0.18110851012306178,0.00907296382995898,0.050096838761436294,0.14059424831037695,0.7762984092511406,0.0009781834992992008,0.00540109075291124,0.018225180336530346,0.100631275273296,0.012237934146896303,0.06757238596121587,0.0,0.0,1362730
Idaho,0.9823567468041602,0.017643253195839828,0.010441123431200154,0.5917912822144448,0.0012546188639103411,0.07111040407254215,8.279923151086143e-05,0.004692968501431753,0.00011227014442150703,0.006363347120585428,0.005268276526979218,0.2986000636334712,0.0004841649978177491,0.027441934457524658,712567,0.9752059198991456,0.0247940801008544,0.008267518420230206,0.33344727397026147,0.00317288796368394,0.12796957784994017,0.0003496003432439734,0.014100153819859853,0.0004089264620974961,0.016492907195351222,0.010765571781955325,0.43419928217398734,0.0018295751296434606,0.0737908049905999,943935,0.9712887720772506,0.028711227922749365,0.006410733956527396,0.2232831690019028,0.004373483360797975,0.1523265870956582,0.0002334246172581249,0.008130081300813009,0.0003317609453796329,0.011555094274346998,0.016593013750199902,0.5779276941705588,0.0007688112925863348,0.02677737415672029,1006749,0.9504773357301232,0.04952266426987688,0.00932336800486571,0.18826466916354556,0.006239021046359489,0.12598314606741573,0.000421189950485064,0.008504993757802747,0.00039568670577679407,0.007990012484394507,0.03314339856238983,0.6692571785268414,0.0,0.0,1293953,0.9400345579132072,0.05996544208679279,0.009120406071426066,0.1520943689237773,0.009534361141036214,0.1589975961027081,0.0013343513183735457,0.022252005020528858,0.0008074994115969928,0.01346607952007148,0.03916882414435997,0.6531899504329143,0.0,0.0,1567803
Illinois,0.9433907169121784,0.05660928308782163,0.04090625548519504,0.7226068456252047,0.003640954322671239,0.06431726607494379,0.0002492472624657386,0.004402939745395915,0.0001523927827210168,0.002692010469106278,0.009742696533131704,0.17210422039822038,0.0019177367016368948,0.03387671768712892,11109450,0.9279136478846837,0.07208635211531632,0.03205158386833154,0.44462762961092445,0.012834093465743457,0.17803777121656533,0.0007900044440484844,0.010959140265340611,0.00018019487651443772,0.0024997086303684855,0.021619534489859465,0.2999116178784406,0.004610940970818932,0.06396413239836056,11426518,0.9166910019262328,0.08330899807376724,0.02691949207924482,0.3231282658736159,0.019713659875481623,0.23663302081758153,0.0010837574433962445,0.013008888216812004,0.00015913422582642628,0.0019101685232790632,0.032792148654987724,0.3936207302115362,0.0026408057948304033,0.031698926357175264,11430602,0.8768804311163284,0.12311956888367157,0.03139695633237737,0.25501190929317263,0.028972019582757247,0.2353161227370054,0.0021062390588578593,0.017107264734235066,0.000205567257330993,0.00166965543491483,0.06043878665234809,0.49089504780067206,0.0,0.0,12419293,0.8621082107883273,0.1378917892116726,0.02987010151389675,0.21661987044090245,0.037074562573203386,0.26886707892586403,0.0037586966794709237,0.027258306683518963,0.0002882127534143386,0.00209013716525147,0.06690021569168722,0.4851646067844631,0.0,0.0,12823860
Indiana,0.9839808690009848,0.016019130999015148,0.011342664573090485,0.7080699055265751,0.001231692841182479,0.07688886752085387,0.00011706569445661204,0.007307867977595616,0.00010069960230396069,0.006286208803096228,0.0026697909857489846,0.1666626601601,0.0005572173022326237,0.03478449001177913,5193665,0.9814575871585567,0.018542412841443263,0.009070121729095207,0.4891554193434314,0.003781266483844739,0.20392526669417105,0.0003500767910380342,0.01887978625174358,9.544237175022367e-05,0.00514724661598004,0.0038415554629465027,0.2071766762931966,0.0014039500027685572,0.07571560480147738,5490224,0.9829977819900186,0.017002218009981314,0.006958494516481219,0.4092698089388201,0.005022402856772325,0.2953969213795445,0.0004180976772130814,0.024590772625526454,0.00012048716496045658,0.007086555700539979,0.003922326181482169,0.23069497045500356,0.0005604096130720638,0.03296097090056544,5544159,0.9693225129245446,0.03067748707545533,0.007121964777480744,0.23215606806265882,0.008159382022980074,0.26597295935325466,0.0012018778107338477,0.03917784425359452,0.0001619936567559989,0.005280538668553722,0.014031446504678491,0.45738578489712334,8.223028261725833e-07,2.6804764814993512e-05,6080485,0.9540572628605526,0.045942737139447354,0.0066116416083188264,0.1439104855300826,0.013439148381088362,0.29251954101683764,0.0024462148814360586,0.053244865973291984,0.00017670105604322236,0.003846115121676181,0.023269031212560885,0.5064789923581116,0.0,0.0,6485530
Iowa,0.9857607485688874,0.01423925143111257,0.010796012995436869,0.7581868364124624,0.0010196942616705425,0.07161150757142502,0.0001858817664503593,0.013054181067707686,0.00012144275408090141,0.008528731630902354,0.00168603613683164,0.11840763856080762,0.0004301835166422601,0.03021110475669493,2824376,0.983643740424901,0.016356259575098977,0.0076580200205367,0.46820117921064225,0.004267954511759183,0.2609370737950859,0.00041114582704145227,0.025136910132398917,0.0001256088252897926,0.007679556851801338,0.002678968552492134,0.16378858138022198,0.0012145618379797159,0.07425669862984956,2913808,0.984400496262724,0.015599503737276066,0.005050499593950493,0.32376027334010526,0.00647158283680051,0.4148582509927048,0.00044368336421470386,0.028442146089204912,0.00011704309526767756,0.007503001200480192,0.003053204189782678,0.19572444362360328,0.00046349065726000315,0.02971188475390156,2776755,0.9688739182674235,0.031126081732576433,0.00694591576325793,0.22315419662952188,0.010307129354097496,0.3311412416973157,0.0013593846751077461,0.04367349179337981,0.00018589875898909349,0.005972443322171598,0.012327069729804355,0.39603666904539714,6.834513198128436e-07,2.195751221386617e-05,2926324,0.9565796027491382,0.04342039725086181,0.006546692102691717,0.15077457870475328,0.014349107475080768,0.3304692813420993,0.003050879268786467,0.07026373460288672,0.0002726694635794315,0.006279755157560644,0.01920104894072343,0.44221265019270006,0.0,0.0,3047646
Kansas,0.9876069292942422,0.012393070705757825,0.0072345585152173665,0.5837583506931974,0.0016527358498124704,0.1333596724373249,0.0001517864058136419,0.012247683356080742,0.00011751205611378728,0.009482077436965735,0.00281450276821014,0.22710293800732706,0.00042197511059041795,0.03404927806910423,2246578,0.9797387885580064,0.020261211441993603,0.006482267685248293,0.319934852059886,0.006482690754539851,0.3199557328099225,0.0005436440396517463,0.026831763796955586,0.00011719019376150484,0.005783967760121944,0.005343788221666309,0.2637447537115533,0.0012916305471259,0.06374892986156062,2363679,0.9746364790718662,0.02536352092813373,0.005292677433650821,0.2086728198599618,0.009667521535179172,0.3811584977721197,0.0004972606267259828,0.0196053469127944,0.00020625014631248147,0.008131763208147676,0.008898220598052772,0.3508274984086569,0.0008015905882125014,0.03160407383831954,2477574,0.9498831654898904,0.05011683451010966,0.005591392409960059,0.11156715033213345,0.014145121777937806,0.2822429212899395,0.001336101752034096,0.026659739488625822,0.00025293685728930545,0.0050469440011875165,0.028790537780955194,0.574468400935169,7.439319332038396e-07,1.4843952944669165e-05,2688418,0.9345801374376882,0.06541986256231186,0.0052287068209932504,0.0799253715339581,0.01909698535660461,0.29191417726405183,0.003239707868628566,0.04952177735840964,0.00027111553344699377,0.0041442388110913345,0.037578787471726646,0.5744247389075937,0.0,0.0,2851183
Kentucky,0.9948572357074928,0.005142764292507185,0.003192906943399767,0.6208542258200931,0.0007552745722881029,0.14686159608530175,4.7534763290859625e-05,0.009243037515858152,7.207885675476754e-05,0.014015586298556154,0.000892907906522422,0.1736241164743551,0.00018206125025126626,0.0354014378058358,3218697,0.9905588349140086,0.009441165085991307,0.003821319900119565,0.4047508824720792,0.0027373970061547043,0.28994271164863145,0.0002611467456225823,0.027660436317342746,6.911101113233611e-05,0.00732017823042648,0.001372113078726183,0.14533302470921822,0.0011800773442359367,0.12499276662230195,3660777,0.9907418562850854,0.009258143714914622,0.003245600896101697,0.3505671326826695,0.003596183318789047,0.38843459655910195,0.00027324806474161097,0.029514346844866497,6.675176159526942e-05,0.0072100589114569595,0.0017035266638012253,0.18400304815498697,0.00037283300988577307,0.04027081684691814,3685296,0.980139636876823,0.019860363123177006,0.005090592757775123,0.2563192186468338,0.006634223776767054,0.3340434278880293,0.0007989076070403825,0.0402262336335663,0.00011653313190338191,0.005867623425645625,0.007218621351195479,0.36346874961069375,1.4844984955844829e-06,7.474679523115446e-05,4041769,0.9677924835611165,0.032207516438883574,0.005091509151606379,0.15808450059376475,0.010135554691789509,0.31469531998912625,0.002193233578339267,0.0680969481922367,0.0002327099395023279,0.007225330147511195,0.014554509077646091,0.4518979010773611,0.0,0.0,4340167
Louisiana,0.9891381321279119,0.01086186787208806,0.004281348253865877,0.394163168276769,0.0008172084598518531,0.07523645743766122,9.366994447377543e-05,0.008623741844115119,6.482729294959238e-05,0.005968337463962369,0.005010105915710235,0.46125638561529514,0.0005947080052367267,0.054751909362197156,3640442,0.979670938443615,0.02032906155638508,0.004805154663686726,0.23636873991251667,0.005221712356451651,0.25685948866693176,0.0004945433795382676,0.024326916329442585,6.681090848569866e-05,0.0032864728310448878,0.006257638079840224,0.3078173609974036,0.00348320216838251,0.17134102126266051,4205900,0.9792873082363324,0.020712691763667683,0.003868034226759271,0.18674705687187526,0.007049808138582877,0.34036175592343865,0.0005248848748558344,0.025341219810770303,8.886312779726316e-05,0.004290274234329058,0.008297920389538038,0.4006200876360017,0.0008831810061343994,0.04263960552358507,4219973,0.9740690037270283,0.025930996272971706,0.004041641754173663,0.15586141433317513,0.009725717927328318,0.3750614833671312,0.0008986398673879654,0.03465504595072701,0.00012911235146485458,0.004979074082064115,0.011134765548080813,0.42939983604435433,1.1188245360905945e-06,4.31462225482159e-05,4468976,0.9630793413553721,0.03692065864462795,0.003505603689504935,0.09494965198880624,0.011883155374475258,0.32185653806596665,0.001426393692165211,0.03863402616661484,0.00013202034172957687,0.0035757851180367862,0.019973485546752972,0.5409839986605754,0.0,0.0,4529605
Maine,0.9567116819283802,0.043288318071619855,0.00958272573296983,0.22136978658111311,0.0009158034464400908,0.021155902729343933,9.459947688502037e-05,0.002185335007206956,0.00022240940842116493,0.005137862091412098,0.03177636683664381,0.7340633282187194,0.0006964131702599372,0.0160877853722044,993663,0.9614087813205768,0.03859121867942311,0.009417068269521456,0.2440210128565504,0.0020183877794177794,0.05230173724713147,0.00016805078868280192,0.004354638035113589,0.000126260380915121,0.0032717386295562415,0.024943538491633027,0.6463527026404313,0.0019179129692529298,0.04969817059121699,1124660,0.9704412636571526,0.029558736342847464,0.008105524102390368,0.2742175446330174,0.00396114430162029,0.13400925721842627,0.00019463681909688517,0.006584747630592903,0.00015554657927826387,0.005262287855411065,0.01644151774371136,0.5562320916905444,0.000700366796750298,0.023694070972007934,1227928,0.971221007072584,0.02877899292741601,0.008627972042233138,0.2998010411272519,0.005450525247407099,0.18939249407211578,0.0008369132880966145,0.029080700989343435,0.00018746230164488366,0.00651385898449211,0.013674551325844777,0.4751573955465918,1.5687221894969344e-06,5.450928020495489e-05,1274923,0.9667823854624689,0.03321761453753111,0.008460714296462828,0.2547056558472446,0.009356820185932566,0.2816824843144805,0.0037251219636983066,0.11214297039570545,0.0003551318050627349,0.010691068880382341,0.011319826286374676,0.34077782056218714,0.0,0.0,1329084
Maryland,0.9682986729267938,0.031701327073206116,0.019954920353427285,0.6294664039567333,0.004013623323121025,0.1266074228959749,0.00048822261727604415,0.015400699666251155,0.00031179961406193317,0.009835538220274238,0.005889519938221355,0.18578149503397803,0.0010432412270984714,0.03290844022678837,3922391,0.9536205455332317,0.04637945446676824,0.018223963860350134,0.39293182875637206,0.013556637162895204,0.2922983316375313,0.001755049531951221,0.037841099084266874,0.0002904925924388928,0.00626338959305863,0.009917772811079032,0.2138397901636662,0.002635538508053759,0.056825560765105,4216975,0.934435616844032,0.065564383155968,0.01554292531080413,0.23706354826567655,0.023178237311219065,0.35351872763115083,0.004846419551485025,0.07391848009850269,0.00025055066770288955,0.0038214447485438317,0.019651914432973306,0.29973460417105274,0.002094335881783586,0.0319431950850734,4781468,0.9021398338445528,0.09786016615544721,0.016395776369464585,0.16754290344674572,0.034268758569360895,0.3501808745646952,0.011835771868367064,0.12094575692387834,0.0003694902620341109,0.0037756962464910336,0.03499036908622056,0.3575547688181897,0.0,0.0,5296486,0.8623447324136081,0.1376552675863919,0.01514615168690809,0.11002958297547476,0.04493564596708735,0.3264360801804109,0.020768141573341337,0.15087066363303048,0.0003724831889953774,0.002705913079291415,0.056432845170059746,0.4099577601317924,0.0,0.0,5785496
Massachusetts,0.9130482625560675,0.08695173744393252,0.05339447693166855,0.6140702704888206,0.00416266545588842,0.047873286701977116,0.0004570301163510786,0.005256135527432984,0.002830422666725026,0.03255165163950997,0.023169669090859872,0.2664658553349776,0.002937473182439567,0.03378280030728177,5688903,0.9126758290037175,0.08732417099628258,0.049635726595453365,0.5684076473805446,0.008620477783218061,0.09871811761700021,0.0019456036277960209,0.022280241605486823,0.00024768883310322034,0.0028364292529472115,0.022174861343930673,0.25393726720720505,0.0046998128127812315,0.053820296936816094,5737037,0.904638884387323,0.09536111561267696,0.04017385739870438,0.42128132772561455,0.019381609510631313,0.20324436628187675,0.003583024802935298,0.037573226570547624,0.0002647751779503609,0.002776552856468078,0.028355377155038084,0.29734737238401837,0.0036024715674175278,0.037777154181474655,6016425,0.8782530807136826,0.12174691928631741,0.03915737938796651,0.32162932431890484,0.03175223185281308,0.2608052182260153,0.007523904580446637,0.06179954798488453,0.00039643432759020695,0.0032562165015272006,0.04291523660766248,0.3524954623840369,1.7325298384951434e-06,1.4230584631227336e-05,6349097,0.8519242538214903,0.14807574617850972,0.03541508049193709,0.23916867823338978,0.04294534260993096,0.2900228006155651,0.012124357623050959,0.08187942952139295,0.0004961440235222567,0.0033506096462559126,0.057092839902478355,0.38556510013227446,0.0,0.0,6560595
Michigan,0.9521909015232334,0.0478090984767666,0.031124606594563557,0.651018479457188,0.002905104501734522,0.06076467857151274,0.00021025191018254734,0.0043977384406175685,0.00015166080981013328,0.0031722164743147093,0.012091512988970902,0.2529123822497284,0.0013259616715049394,0.027734504806638558,8875068,0.9549612948627727,0.045038705137227304,0.022819177294771217,0.5066570458729671,0.008364861535391949,0.1857260662779994,0.0005661796413288681,0.012570957348880024,0.00014942651098382025,0.003317735501687634,0.01080837367165338,0.23997967167842896,0.002330686483098069,0.05174852332003682,9262078,0.9617663642162267,0.038233635783773236,0.01642142257530878,0.42950198794011135,0.011052040617959813,0.28906590731950266,0.0006756104726938795,0.01767057876773037,0.0001302809366930395,0.0034074953642868598,0.008889979524053938,0.23251724147633746,0.0010643016570637818,0.0278367891320313,9295297,0.9473168033144826,0.052683196685517374,0.0157960340673047,0.29983059231572856,0.02107130653450379,0.39996256605849245,0.0016838652006289918,0.03196209240453868,0.0002095901531467099,0.003978311232665316,0.013921998252442737,0.2642587984086755,4.024774904401534e-07,7.639579899501327e-06,9938444,0.9396040158168965,0.06039598418310353,0.01455796268544519,0.24104189843665047,0.027574994463116273,0.45656999941447585,0.0024020779884218507,0.039772147451715166,0.00021793901829839034,0.0036085018109426104,0.015639978887094452,0.2589572651002501,0.0,0.0,9897264
Minnesota,0.974229501354938,0.025770498645061948,0.01935967448897771,0.7512339887411276,0.0013916006192951273,0.053999755241902585,0.00017976483920639606,0.006975605776291099,0.00018896333244064148,0.007332544668352778,0.003462050039277566,0.1343416007179571,0.0011884453258645072,0.04611650485436893,3804971,0.9736322887558053,0.026367711244194632,0.012762115520968014,0.48400543387237843,0.006736310620539405,0.2554757429703928,0.0006997107437002726,0.026536650724826468,0.00015898056168224986,0.00602936524182593,0.004427412370552285,0.16791037832405978,0.001583181426752405,0.060042428866516555,4075970,0.9741630989378754,0.025836901062124537,0.007997076180447574,0.3095214925822061,0.011435626942384617,0.4426083033289396,0.001093232404569588,0.042312830085191835,0.0001631963071007079,0.006316404072930581,0.004481955722601934,0.17347110289369155,0.0006658135050201149,0.025769867037040314,4375099,0.9470547592539779,0.05294524074602209,0.008873297355268718,0.1675938617001263,0.021374824447873444,0.40371569090427434,0.007006636271849113,0.13233741452720732,0.00027950114229575936,0.005279060749511447,0.015409152066712756,0.291039418266702,1.8294620222995158e-06,3.455385217862038e-05,4919479,0.9279642075850152,0.07203579241498483,0.008500717380367437,0.11800685597232528,0.027050029916728165,0.3755081884974342,0.013785033580327498,0.1913636696173824,0.00039750946767045335,0.005518221627666357,0.022302502069891275,0.30960306428519174,0.0,0.0,5313081
Mississippi,0.9963348895955974,0.0036651104044026434,0.0020069016848230595,0.5475692307692308,0.0007271579042334844,0.1984,3.789160295013194e-05,0.010338461538461538,4.736450368766493e-05,0.012923076923076923,0.000734375352414462,0.20036923076923077,0.00011141935629384036,0.0304,2216850,0.9906662519568459,0.009333748043154153,0.0031027858819870206,0.3324265737238067,0.0025092853475985047,0.26884005610575085,0.0002023297276324486,0.021677221915246313,3.451507118435888e-05,0.0036978790326008416,0.0014476493649623627,0.15509839758575253,0.002037182649789458,0.21825987163684277,2520638,0.9920787839031002,0.007921216096899756,0.0021614975190578636,0.2728744542020311,0.0035142794075584795,0.44365402541333465,0.0002584314725230995,0.03262522690477358,4.5468394413838557e-05,0.005740077515576706,0.0015175562409063211,0.19158121964382083,0.0004239830624401527,0.053524996320463133,2573216,0.9859708970287465,0.014029102971253486,0.0026867904683093714,0.19151548561691892,0.005074072173175123,0.36168186829708326,0.0004464508563068038,0.031823193344692795,8.753249072471981e-05,0.006239350506164178,0.005732850838308155,0.40863987170492133,1.406144429312768e-06,0.00010023053021950487,2844658,0.9779897695796632,0.022010230420336837,0.0023331828199028176,0.10600447043693928,0.006922382245705312,0.31450748645090176,0.0006099163639549538,0.027710585137328148,8.525350280696316e-05,0.0038733580330077466,0.012059495487966788,0.5479040999418231,0.0,0.0,2967620
Missouri,0.9859416079777696,0.014058392022230325,0.009881759736725903,0.7029082501825261,0.00146092319140724,0.10391822827938671,0.00013065340602310064,0.009293623752737892,8.168510818465538e-05,0.00581041615964955,0.0017981415568711183,0.12790520807982478,0.0007052290230183076,0.05016427354587491,4676495,0.982586644744041,0.017413355255958992,0.008720508082069915,0.5007942440665296,0.004062899278090974,0.23332087460287795,0.0004236593510344163,0.024329564567370586,0.00014928754856421582,0.00857316389459914,0.0026222947733493657,0.15059101102597644,0.0014347062228501069,0.08239114184264623,4916686,0.9836560862039686,0.016343913796031444,0.006440986868860381,0.394090849305896,0.005520538792391666,0.3377733669723674,0.0005497283310204877,0.033635048366075594,0.00017451382851094757,0.01067760333839513,0.0031054862809266155,0.19000872861191156,0.0005526596943213435,0.03381440340535435,5117073,0.9729776053128292,0.027022394687170867,0.0077031947499388315,0.2850670652662769,0.009424666916046598,0.34877245429773274,0.001510756252087723,0.05590756369216117,0.0002823843461846211,0.010450011905076854,0.008101213698643358,0.29979629090716686,1.7872426973710197e-07,6.61393158549168e-06,5595211,0.9613726100153901,0.03862738998460989,0.008407309893181898,0.21765151351234394,0.01389589785927518,0.359742086245321,0.0030683271114849476,0.07943397451154337,0.000563819315048961,0.01459636064651535,0.012692035805618904,0.32857606508427634,0.0,0.0,5982413
Montana,0.9717255968744645,0.028274403125535526,0.02012646725488869,0.711826423550983,0.0010022911569406504,0.0354487114189671,7.632389557162998e-05,0.0026993990017316898,0.00016560845265542354,0.005857186513191403,0.0063838458314912395,0.22578180706936946,0.0005198665339878947,0.01838647244575736,694409,0.9767138262848136,0.023286173715186414,0.011989474888456699,0.5148752661171462,0.002624922142139852,0.11272449369507069,0.00016397818708767113,0.007041869097658169,0.00014363980729385146,0.006168458977018396,0.006878185816522392,0.2953763851738632,0.00148597287368595,0.06381352693924341,786690,0.982756096187419,0.017243903812580955,0.007394892780937721,0.4288409899121852,0.0028996389530263496,0.1681544379127658,9.886554911052292e-05,0.0057333623630161845,0.00033539198938759674,0.019449887509978954,0.006123406731617578,0.3551055954713695,0.00039170780850118574,0.022715726830684374,799065,0.9818265452590627,0.01817345474093738,0.007232361074933911,0.39796291778482557,0.003663287870138939,0.20157355452549403,0.00020394704027399841,0.01122224932910466,0.0002859692195146282,0.01573554525494023,0.006787889536075903,0.3735057331056355,0.0,0.0,902195,0.9803196455335921,0.019680354466407948,0.006352538643600782,0.32278578388635315,0.005488577239259779,0.27888609672290887,0.0004864829402948167,0.02471921637007026,0.00039867377887230833,0.020257449099953844,0.006954081864380264,0.3533514539207139,0.0,0.0,990785
Nebraska,0.9805749009047418,0.019425099095258268,0.014973570100619801,0.7708362272537852,0.0011663424203257934,0.06004306153632449,5.59898327860271e-05,0.0028823447701069593,0.00010725763148166636,0.005521600222253091,0.002235545853649323,0.11508542853174052,0.0008863932563956579,0.04563133768578969,1482412,0.9802519389103881,0.0197480610896119,0.01023043969869253,0.5180478049095191,0.0043202267768700335,0.21876713654398244,0.0004745751915022375,0.02403148285539176,0.00010765531189782301,0.005451437050417728,0.0034449699807303363,0.1744459856133673,0.00117019412991894,0.0592561530273217,1569825,0.9821349037148731,0.017865096285126884,0.006686581537457591,0.3742818639619831,0.005409326621831809,0.302787431732747,0.0005036793938107623,0.02819348889992198,0.00014001653588953264,0.007837435279097808,0.004665528372355288,0.26115327328179305,0.00045996382378190367,0.025746506844457055,1578385,0.9563842612152544,0.043615738784745534,0.006332749553984396,0.14519413703475442,0.011220952010298825,0.2572684155523996,0.0015479794748089568,0.03549130469733916,0.000202774208289433,0.004649106353332083,0.024311283537363924,0.5573970363621747,0.0,0.0,1711263,0.938450921739435,0.06154907826056501,0.004951004374746211,0.0804399434510843,0.015344994215528214,0.24931314406636496,0.004949909867312864,0.08042216077319084,0.00022054324781946758,0.0035832095955329914,0.03608262655515825,0.586241542113827,0.0,0.0,1827306
Nevada,0.9628042018422959,0.03719579815770413,0.01971813118685267,0.5301171681610649,0.004249720709255266,0.11425270916992133,0.00011867299043659384,0.003190494526651631,0.0005954110382249794,0.016007481159579735,0.011417160114417131,0.30694757687441554,0.0010967021185174879,0.029484570108366796,488738,0.9328114049716862,0.0671885950283138,0.020865891394428182,0.31055704298676184,0.015447980182212712,0.22991967871485944,0.0009656549151585335,0.014372304030938568,0.0008769595736627303,0.013052208835341365,0.024078911370867703,0.3583779562695225,0.00495319759198394,0.07372080916257623,800493,0.9127765671270468,0.08722343287295323,0.016185276989398693,0.18556110962719885,0.021562063947320468,0.2472049452436372,0.0012331164146765815,0.014137444194299234,0.0006989323807883458,0.008013126263975275,0.04471170287386018,0.5126111344297325,0.0028323402669089633,0.03247224024115694,1201833,0.8415654242672489,0.1584345757327511,0.016115044261073526,0.10171418824800296,0.0362065540118213,0.2285268467717227,0.0024571413987289925,0.015508871011045727,0.0010479132564029552,0.006614170243814613,0.10260792280472432,0.647635923725414,0.0,0.0,1998257,0.8081084119393359,0.19189158806066406,0.015965511477684376,0.08320068450648856,0.0548956365717971,0.28607630551497937,0.005107602828780669,0.026617127308185943,0.0012606297453890314,0.00656948935661786,0.11466220743701289,0.5975363933137283,0.0,0.0,2704204
New Hampshire,0.9497777494608103,0.0502222505391897,0.01822603537301354,0.36290757935651047,0.0013677999026679554,0.027234938458216368,0.0001626719408524823,0.0032390412437918376,0.00024400791127872346,0.004858561865687757,0.02930263894556048,0.5834592960483697,0.000919096465816525,0.01830058302742388,737681,0.9555066749220625,0.044493325077937455,0.01671391794570991,0.37565000854471325,0.003119670653153887,0.07011547569639413,0.00040842484874159524,0.009179463392007032,0.0002281096229673803,0.0051268279583017995,0.02157265291491511,0.48485144405654157,0.0024505490924495717,0.055076780352042186,920610,0.9628641643197398,0.03713583568026021,0.013625398015960305,0.36690699876192556,0.006244748713547508,0.16815963877357804,0.0004922235885082921,0.013254679193066783,0.0002686495043506796,0.0072342388269851675,0.015462672143029717,0.4163814240283543,0.00104214371486371,0.02806302041609011,1109252,0.9561784969242247,0.04382150307577526,0.01476631067191245,0.3369649518041142,0.010908846677337339,0.24893821324371238,0.0015083517696429642,0.034420356760350115,0.0002832205576046338,0.0064630498208811905,0.016354773399277867,0.3732134283709421,0.0,0.0,1235786,0.9471526572820412,0.05284734271795876,0.013399884931315532,0.25355834829443447,0.017946464218648716,0.3395906642728905,0.003107461703229058,0.058800718132854576,0.0003908995547540217,0.007396768402154399,0.018000355225226455,0.3406104129263914,0.0,0.0,1317474
New Jersey,0.9114389877545691,0.08856101224543093,0.06518215387165127,0.7360141016795365,0.0038460449240479717,0.043428195167748866,0.00044000238276496436,0.004968353134284157,0.000279012290909933,0.003150509279825084,0.015798791960484046,0.17839443746081554,0.0030150068155727363,0.034044403277789854,7168143,0.897102482978885,0.1028975170211151,0.05610304551786241,0.5452322577069549,0.013041997071755832,0.1267474420114486,0.0014695533076626553,0.014281717870423398,0.00020109105133959092,0.0019542847792753445,0.02707152636254802,0.26309212453584085,0.0050103037099465935,0.048692173096056855,7364823,0.8749564693640052,0.12504353063599488,0.04411095823283987,0.35276481724790765,0.02795611180478405,0.2235710369228541,0.0032627925737381807,0.026093253742460763,0.00026454725292580206,0.002115641261729136,0.0440254493163685,0.3520809840576861,0.005423671455338473,0.043374266767362224,7730188,0.8245465187447634,0.17545348125523658,0.04194192064746534,0.23904866604756264,0.048740900960858535,0.2777995660852914,0.0071208114708801035,0.04058518200913483,0.0002797601716115921,0.0015944976959711501,0.07737008800442102,0.44097208816204,0.0,0.0,8414350,0.7915511318770492,0.20844886812295085,0.03562155897368718,0.17088871383401452,0.06604200553839212,0.31682592538443577,0.009755525656001077,0.04680056909806249,0.00034967468314356517,0.001677508188422084,0.09668010327172691,0.4638072834950651,0.0,0.0,8793888
New Mexico,0.9778444445756783,0.0221555554243217,0.006811037029600452,0.30741892492225675,0.0012588607457888696,0.056819191470457574,0.00010629942184925561,0.004797867614393603,0.00014566957808972064,0.006574855619724567,0.013060065078868265,0.589471346068414,0.000773623570125138,0.03491781430475344,1015998,0.9597780018942447,0.040221998105755344,0.00873440203117061,0.21715485163629425,0.004905234040528239,0.12195401202175365,0.00045207054449556143,0.011239385554813472,0.00022104637829324566,0.005495658811182139,0.022918978827134055,0.5698120408357981,0.0029902662841336286,0.07434405114015838,1302894,0.9468578658793758,0.05314213412062421,0.0074788672991131094,0.14073328862061257,0.006315883963040627,0.11884889584420101,0.0005154880734804817,0.009700176366843033,0.00021715182608844877,0.004086245870283429,0.037095340212227955,0.6980400924062896,0.0015194027466735838,0.028591300891770376,1515069,0.9177557906726933,0.08224420932730674,0.008403305908701595,0.10217504645535606,0.0078777557027145,0.09578492841196208,0.0006146078768761207,0.007472962314345681,0.00035733016097448883,0.0043447455315963265,0.06499120967804002,0.7902223172867399,0.0,0.0,1819046,0.902428225352469,0.09757177464753097,0.007318685906153252,0.07500822786703767,0.01021803767551685,0.10472329433823016,0.001154583277177348,0.01183316877599258,0.0003396119374082549,0.0034806370862380197,0.07854085585127527,0.8049546719325016,0.0,0.0,2055287
New York,0.8843126802048727,0.11568731979512725,0.07888031517668426,0.6818406314224827,0.007299164407599939,0.06309390191186173,0.0009245549760096051,0.007991843683879236,0.00037204824815996506,0.003215981222651125,0.024509288375063238,0.21185803611378648,0.003701948611610252,0.03199960564533865,18236882,0.8639407561376898,0.13605924386231016,0.06351773702716335,0.46683882126702325,0.016542590781037918,0.12158373302279088,0.0018578919143286347,0.013655021603741914,0.00023920621808590375,0.0017581033915488808,0.04545208608325561,0.3340609927926133,0.008449731838438753,0.062103327922281786,17558072,0.8414792177296239,0.15852078227037616,0.046824552241730405,0.2953843122087647,0.030942074561204815,0.19519254269405137,0.003102700848866802,0.0195728333183139,0.00027814749543577413,0.0017546437221168914,0.06853584303454248,0.4323461066300216,0.00883746408859587,0.05574956142673153,17990455,0.7961614752427179,0.20383852475728215,0.04633673187782103,0.22732077723284075,0.04830179838101496,0.2369610869119547,0.006162161883011144,0.03023060479047644,0.00040471200709384265,0.0019854539644836413,0.10263106543018015,0.503491994716831,2.0551781610234197e-06,1.008238341339349e-05,18976457,0.779977704030673,0.22002229596932693,0.03945164803299288,0.17930750090205763,0.05959220285465734,0.2708462003458278,0.00843035087154042,0.03831589355251381,0.0005945935496343074,0.0027024240748637542,0.11195288204401199,0.508825169516544,0.0,0.0,19398125
North Carolina,0.9943683988070923,0.0056316011929077245,0.0033559384467170246,0.5959119496855346,0.0008986555781973996,0.1595737246680643,0.00010291151026871907,0.01827393431167016,7.949569818080786e-05,0.014116002795248078,0.0009901543397173888,0.17582110412299093,0.00020444561982638454,0.036303284416491964,5082036,0.9866778107119528,0.01332218928804716,0.005219520803785802,0.39179152096786546,0.003272486528705834,0.24564179790193727,0.00041535144376705907,0.031177416473110595,8.806878750361711e-05,0.0066106842951581205,0.0022804375420579464,0.17117588504045533,0.002046324182226903,0.15360269532147325,5881766,0.9826394174247285,0.017360582575271507,0.005395377662104592,0.31078321471710246,0.005861536843848894,0.337634801046256,0.0007948843781911726,0.04578673409977667,0.00012642116320444157,0.0072820806937963275,0.0044977572312377345,0.25907870382439585,0.0006846052966846728,0.03943446561867271,6628637,0.9465792919221802,0.05342070807781981,0.007481632283401081,0.14005116279069768,0.01157030419863161,0.21658837209302326,0.002530526518225841,0.047369767441860465,0.00022672742381865384,0.0042441860465116275,0.03161151765374262,0.5917465116279069,0.0,0.0,8049313,0.9246882599144259,0.07531174008557405,0.00822002862666303,0.10914670962751498,0.01726987634123963,0.22931187516868531,0.0042540801272053985,0.05648628118765599,0.0002986091414840497,0.003964974665898713,0.04526914584898194,0.601090159350245,0.0,0.0,9544249
North Dakota,0.9701551247165165,0.029844875283483417,0.02302508575322819,0.771492108260563,0.0011784492708345137,0.039485816564517,8.093744991995286e-06,0.00027119379508596845,3.561247796477926e-05,0.0011932526983782612,0.004822253266230791,0.16157726311221998,0.0007753807702331484,0.025980365569235775,617761,0.977297971402614,0.022702028597386004,0.01197456171663983,0.5274665946821433,0.0030258136374569683,0.1332838439735457,0.0003018153349767204,0.01329464165204481,5.3622013828351336e-05,0.002361992171683088,0.0063074808837520705,0.2778377648805507,0.001038735010732063,0.04575516264003239,652717,0.9853036944270507,0.01469630557294928,0.0057592360676268,0.39188325521942907,0.0033265497808390733,0.22635279079676182,0.0001894176581089543,0.012888794205368556,8.296806512210394e-05,0.005645504899872178,0.004973387601753287,0.3384107371112058,0.0003647463994990607,0.02481891776736259,638800,0.9811367175334786,0.018863282466521334,0.006241046402989722,0.3308568598315998,0.004349112426035503,0.2305596830113918,0.0012348178137651822,0.06546144956248968,0.0001884148240423544,0.009988443123658576,0.006849890999688571,0.36313356447086015,0.0,0.0,642200,0.9748082448432761,0.02519175515672389,0.004782233868093746,0.18983329420051656,0.0086653959390938,0.3439774594975346,0.004888702896696946,0.19405963841277296,0.00022772542229017838,0.009039680676215073,0.006627697030549218,0.26308992721296076,0.0,0.0,676253
Ohio,0.9702845852600479,0.029715414739952095,0.02363546076797432,0.7953939386279764,0.00186218952515106,0.06266745867246347,0.00015388366601404595,0.005178580455993125,0.00011022539591244048,0.0037093675749456548,0.002697799426020498,0.09078787725595268,0.0012558559588797308,0.04226277741266872,10650903,0.9720137659838316,0.027986234016168364,0.01811554943075471,0.6473021493455996,0.004382628410123332,0.15659943412148186,0.000518632329501937,0.018531694160861725,0.00012141553285304275,0.004338401972301736,0.003141707948873966,0.11225904661052005,0.0017063003640613726,0.06096927378923507,10797630,0.9760606391653449,0.023939360834655112,0.012803127836295641,0.5348149403287982,0.006780328225523561,0.2832292922252217,0.0006507721177474379,0.027184189345831104,9.117631738946254e-05,0.003808636246355994,0.0030407163563767876,0.12701744116639005,0.0005732399813222225,0.023945500687403004,10847115,0.9701158446033432,0.029884155396656783,0.011598817595836922,0.38812599659866953,0.01058852440822539,0.35431901178675956,0.0019407846639784235,0.06494360098915641,0.000143748777871144,0.004810200454493205,0.005611222974437028,0.18776582104993236,1.056976307876059e-06,3.536912098892062e-05,11353140,0.9605857202298579,0.039414279770142106,0.010286068630494954,0.26097314705435926,0.014918462736703782,0.37850400473396734,0.004421704623576361,0.11218534625935189,0.00016577707440052557,0.004206015570176886,0.009622266704966489,0.24413148638214469,0.0,0.0,11533561
Oklahoma,0.9921224613400803,0.0078775386599197,0.0044526067971123505,0.5652281746031746,0.0013758340090068088,0.17465277777777777,8.283919622534606e-05,0.010515873015873017,8.401144900211982e-05,0.01066468253968254,0.0015915285199331816,0.20203373015873016,0.00029071868863989373,0.036904761904761905,2559175,0.9813921971116819,0.018607802888318144,0.005342628310013255,0.28711763242974386,0.006652585371980868,0.35751589867481437,0.0007037341874663256,0.03781930578747291,0.00011866630967609716,0.006377233808221125,0.004142412793484261,0.2226169751660923,0.001647775915697338,0.08855295413365545,3025290,0.9791806611488801,0.020819338851119903,0.004309850155058598,0.20701186458794607,0.00805001295466503,0.38666035517415137,0.0007168777826699962,0.034433263601520867,0.0001557738862564515,0.007482172578600986,0.006789198193658731,0.32610056650735236,0.0007976258788110956,0.03831177755042832,3145585,0.9618197014247154,0.03818029857528457,0.004666361796923134,0.122219101763228,0.01152274322490751,0.3017981434112352,0.001340615431161745,0.0351127539906032,0.00023473811051470244,0.006148147585903285,0.020413521610685974,0.5346611308037374,2.318401091503234e-06,6.0722445292871944e-05,3450654,0.9454908702442382,0.05450912975576186,0.004460383488418927,0.08182819113797068,0.013836204539604508,0.253832790976487,0.0022291247944454594,0.04089452178806489,0.0005025333388459072,0.009219250813535269,0.03348088359444706,0.6142252452839422,0.0,0.0,3749005
Oregon,0.9683707208381049,0.031629279161895105,0.018035416721454922,0.5702127016281425,0.0035134611752498943,0.11108255604771047,0.0002467264516098184,0.007800571437209935,0.0004934529032196368,0.01560114287441987,0.007908156556540284,0.2500264554263859,0.0014320653538205544,0.04527657258613131,2091385,0.959057842357217,0.04094215764278295,0.01445669656166389,0.35310050554241457,0.010964621615924925,0.2678076156022448,0.0006095465239707494,0.01488799220815361,0.0006566392149192683,0.016038217151338064,0.011852166928398222,0.2894856453782292,0.0024024867979058943,0.05868002411761978,2633105,0.9509882944255769,0.04901170557442316,0.012724108220007522,0.2596136590408235,0.01488501826500244,0.30370333149087986,0.0007550167627090677,0.01540482531387511,0.0008257336169982208,0.016847681738893235,0.018200970263386858,0.3713596588828989,0.001620858446319047,0.033070843532629374,2842321,0.9153264497943677,0.08467355020563226,0.015911912057026963,0.1879206909168732,0.023143456814010876,0.273325693298631,0.0014710356786799786,0.017373024694341082,0.0013471097641637236,0.0159094517814858,0.04279915905744989,0.5054607838399459,8.768343008225583e-07,1.0355468723032633e-05,3421399,0.9019951895258024,0.09800481047419765,0.01518077853782019,0.15489830003616945,0.027928430903387036,0.2849700006382843,0.002599418030624809,0.026523371843152274,0.0019441551278883437,0.01983734388630029,0.050349682064562945,0.5137470479351504,0.0,0.0,3836628
Pennsylvania,0.9621926283023104,0.03780737169768958,0.031730058952689294,0.8392558786261339,0.00179559472620678,0.047493243925139324,0.0001711059242331436,0.004525729151481851,0.00011887537451678262,0.003144237993249532,0.0023585993530195024,0.06238464212426693,0.0016331373670240728,0.04319626817972841,11793864,0.9661986219534141,0.03380137804658588,0.022759978910804588,0.6733447044506953,0.00508770517608256,0.15051768507989707,0.0005347316374597045,0.015819817663135637,0.00011985945593753148,0.0035459931773295828,0.0034047840106474305,0.10072914796417101,0.0018943188556540664,0.05604265166477148,11863895,0.9689170933683161,0.03108290663168385,0.015731241882961808,0.5061058822255196,0.008662943331995415,0.27870441573070215,0.0007362618116029913,0.023687032243390485,0.00012809676237537183,0.004121132038687737,0.004670650346925926,0.15026427233047038,0.001153712495822337,0.037117265431229625,11881643,0.9586117771324839,0.041388222867516096,0.014873886231588918,0.3593748462986754,0.01489831410235636,0.3599650593852734,0.0020692849327101728,0.04999695056571924,0.00017734634177164272,0.0042849470087017085,0.009368658422965977,0.22636049034903236,7.328361230233171e-07,1.7706392597940942e-05,12281054,0.9418738669416782,0.05812613305832181,0.013747059058367952,0.2365039326558093,0.022026539599037418,0.3789438319754856,0.004011940858873464,0.0690212929672789,0.00023701554436131753,0.004077607297968783,0.01810357799768166,0.3114533351034574,0.0,0.0,12699589
Rhode Island,0.9216161982370126,0.07838380176298738,0.05331224100062813,0.6801435985693925,0.0037614191584707285,0.04798719982789684,0.00031617420777282673,0.00403366767956544,0.0033619857426510575,0.04289133299271251,0.014512396136772746,0.18514534649205366,0.0031195855166918905,0.039798854438379,948844,0.9113122047734582,0.08868779522654183,0.056742620524223096,0.6398019071201533,0.006696904621634919,0.07551100582135926,0.003589701357962908,0.0404757086225164,0.0002692276018472181,0.0030356781466887297,0.016405991000407537,0.18498589302508303,0.0049833501204661545,0.05618980726419923,947154,0.9052402477816842,0.09475975221831576,0.04331595353694801,0.45711341073531886,0.01429049771591208,0.15080767289247854,0.006397837889550596,0.06751640585562847,0.00028002997616257286,0.0029551573279488473,0.026462334473384197,0.2792571092041057,0.004013098626358295,0.0423502439845196,1003464,0.8862207019046683,0.11377929809533167,0.03741323013319419,0.3288228241823654,0.018675613052897066,0.1641389370960034,0.011509855301678211,0.10115948590256295,0.00037870152119726916,0.0033283868641900785,0.04580189808636493,0.40255036595487814,0.0,0.0,1048319,0.8704420359325815,0.12955796406741849,0.029935266624923632,0.23105693918859457,0.02203576155542528,0.17008419138138403,0.01622657536407179,0.12524568042477047,0.0003838585576229654,0.002962832585291443,0.06097650196537482,0.4706503564199595,0.0,0.0,1052471
South Carolina,0.9944551437574624,0.0055448562425376635,0.003369222033198881,0.607630186577555,0.0008303387480993118,0.14974937343358397,6.25359726601992e-05,0.011278195488721804,0.00010422662110033201,0.018796992481203006,0.0010094541265828452,0.1820523531049847,0.00016907874089609417,0.030492898913951544,2590509,0.9852393795926735,0.014760620407326496,0.0059401246708650724,0.40243055555555557,0.003332991652305386,0.2258029513888889,0.00041898636052046563,0.028385416666666666,6.854975623194162e-05,0.004644097222222222,0.0020055608587298433,0.13587239583333333,0.0029944071086737863,0.20286458333333332,3121820,0.9856701302061002,0.014329869793899852,0.005436941431489863,0.3794131774877912,0.0044615213856758085,0.3113441678008166,0.0005360364791609724,0.037406932991754065,9.607930471852636e-05,0.0067048274757825635,0.003201878680231726,0.22344087743175087,0.0005974125126229564,0.04169001681210471,3486703,0.9710923097936895,0.02890769020631045,0.006773907954412898,0.23432892445118902,0.007328492536911655,0.25351359740640467,0.000809568864699308,0.028005311352152996,0.00020563248564560625,0.00711341806204625,0.013790088364640983,0.47703874872820706,0.0,0.0,4012012,0.9520325780918121,0.04796742190818795,0.008257473353531946,0.1721475331598426,0.009984340280034925,0.2081483615931132,0.0013456863205402788,0.028054172332129704,0.00016067896364660043,0.003349751920254293,0.028219242990434202,0.5883001809946602,0.0,0.0,4630351
South Dakota,0.9836230122297737,0.01637698777022631,0.013244038004108146,0.8086980456922653,0.0008805316848658241,0.053766400587209835,0.00010368035197225574,0.006330856041838701,3.005227593398717e-05,0.0018350307367648408,0.0015777444865343266,0.09633911368015415,0.000540940966811769,0.03303055326176713,665507,0.9861038727908646,0.013896127209135339,0.008415271118523152,0.605583914991145,0.0021280661524563965,0.15314095218251902,0.00021570194334421977,0.01552245025523492,7.817385866166354e-05,0.005625585998541515,0.0022467746044981815,0.16168350869882278,0.0008121395316517268,0.058443587873736845,690768,0.9888923052166367,0.011107694783363315,0.004836179102418951,0.43538998835855647,0.003201131027982598,0.28819040227654896,0.00030459595059798505,0.027422067002975035,0.0001810334423365383,0.01629802095459837,0.0022629180292067287,0.20372526193247964,0.0003218372308205125,0.028974259474841547,696004,0.9821221338448739,0.01787786615512609,0.005636926305302817,0.31530196369025565,0.0053825691136181785,0.30107447202667653,0.00206797695947772,0.11567247128566135,0.00012585381880229557,0.007039644312708411,0.004664539957925081,0.260911448684698,0.0,0.0,754844,0.9736625030182467,0.026337496981753243,0.004561995707654764,0.17321295606850334,0.008065000471888326,0.3062174236783321,0.004554641603881006,0.172933730454207,0.00017894985849478654,0.0067944899478778855,0.00897690933983436,0.3408413998510797,0.0,0.0,815871
Tennessee,0.9951515472792952,0.0048484527207047585,0.0027919890430677372,0.5758515559293524,0.0008759531119145425,0.18066652649285114,5.606915467593813e-05,0.011564339781328847,6.014691137964272e-05,0.0124053826745164,0.0008902252603775085,0.18361017661900758,0.00017406923928938974,0.03590201850294365,3923726,0.9894646622174982,0.010535337782501873,0.003944135635749011,0.37437201513366,0.002904955653522452,0.27573445802063307,0.00036026067713324856,0.03419545576712357,0.0001123908763003363,0.010667989828195746,0.0016279252121486696,0.15452045731770347,0.0015856697276481555,0.15050962393268416,4591120,0.9878794837595867,0.01212051624041327,0.003610894399125725,0.2979158913286193,0.005113195419078833,0.4218628412897114,0.0005515476653028335,0.04550529485401089,0.00011605054965107947,0.009574720032479616,0.0022871800023989246,0.18870318367899314,0.00044164820485587483,0.03643806881618567,4877185,0.9720520142872133,0.027947985712786654,0.0049420990307566,0.1768320293829086,0.008891102798015145,0.31813036150033963,0.001528487860421076,0.05469044803904304,0.00016328946898932608,0.005842620311438706,0.012423006554604508,0.44450454076627005,0.0,0.0,5689283,0.9545040582532401,0.04549594174675983,0.005257801312278204,0.11556638043771579,0.012699689889829198,0.27913896058066884,0.0037664329901061287,0.08278613092725726,0.0002985884651356649,0.006562969215972544,0.02347342908941064,0.5159455588383856,0.0,0.0,6353226
Texas,0.9723304609672387,0.027669539032761266,0.005617209757993807,0.20301060134550572,0.00158993645256237,0.05746161693116227,0.00012138896848495849,0.004387097607272445,0.00011174216304244523,0.0040384540888137085,0.019490745140689724,0.7044116317807936,0.0007385165499879594,0.02669059824645223,11195416,0.939827007733609,0.06017299226639097,0.007059712670945242,0.11732360989613566,0.008258797003989897,0.1372508943452155,0.0007494452776689835,0.012454844764094915,0.00017808461492997037,0.0029595439452566124,0.03958524416461906,0.6578573322292467,0.004341708534237821,0.07215377482005061,14229191,0.910256079677344,0.08974392032265603,0.006498745180734595,0.07241432241169848,0.014651508756065842,0.16325906761582645,0.0016069810690954175,0.01790629452466355,0.00023730595631474624,0.002644256629992994,0.06354159859794625,0.7080323477010514,0.003207780762499183,0.03574371111676712,16986510,0.8609405797671378,0.13905942023286216,0.007305213645619423,0.052533036836961255,0.022358623851539097,0.16078467617726602,0.0030918164457586915,0.02223377920446731,0.00033493479226273773,0.0024085731962773336,0.10596873558279325,0.7620392448447084,9.591488896412879e-08,6.897403196670486e-07,20851820,0.8373981217821629,0.16260187821783714,0.00707385174369192,0.04350412074708698,0.03035872612752553,0.18670587609605627,0.005325857771563746,0.03275397449240232,0.00039581263710189305,0.0024342439425676515,0.11944762993795405,0.7346017847218868,0.0,0.0,25208897
Utah,0.9720817957221604,0.02791820427783961,0.018121862824786433,0.6491056030838941,0.002394094817860929,0.085753897135901,0.00019258491437051638,0.006898184154465222,0.0005702023935283916,0.020424035437730362,0.0045059205700513465,0.1613972204375613,0.002133538757241995,0.07642105975044805,1059273,0.9654690469851208,0.03453095301487916,0.014549255083889046,0.4213395175516838,0.007613770219371583,0.22049116964975918,0.0005920452391007209,0.01714534895244891,0.0019383492683621292,0.056133674258191116,0.008137370922160082,0.23565439733602903,0.0017001622819955962,0.04923589225188797,1461037,0.9659865919842122,0.0340134080157878,0.010343326464869258,0.30409556313993175,0.009227733116638128,0.27129692832764507,0.00040862524305656324,0.012013651877133106,0.0020013349972429406,0.05883959044368601,0.011198885567518937,0.3292491467576792,0.0008335026264619671,0.024505119453924914,1722850,0.928951189990547,0.07104881000945293,0.011481441843407283,0.16159935461100186,0.01270526323802632,0.17882443402410125,0.0010809750627919338,0.015214541420864217,0.002960814877870864,0.04167296929360157,0.04281718042835092,0.6026445822618868,3.134559005610413e-06,4.4118388544345285e-05,2233169,0.9172560662821968,0.08274393371780324,0.008963453187059803,0.10832761731669062,0.014845821013631173,0.17941884494230828,0.0021639536510481942,0.02615241448911918,0.003246291979019844,0.03923299066359676,0.05352441388704422,0.6468681325882851,0.0,0.0,2766233
Vermont,0.9584047892332276,0.041595210766772445,0.015101388607566449,0.3630559463261552,0.0013143384421488533,0.03159831187100963,0.00020480273670470147,0.004923709555242939,0.00010802781716291946,0.002597121523644627,0.024103706704476403,0.5794827399632074,0.0007629464587131186,0.01834217076074018,444330,0.9589505255584058,0.041049474441594194,0.013899533879747232,0.33860442962610143,0.0024576894200087594,0.05987139795189331,0.00029914596759056497,0.0072874493927125505,0.00015446098980166428,0.0037628006668254345,0.022078145529625226,0.5378423434150988,0.002160498654820747,0.05263157894736842,511456,0.9688249656157709,0.0311750343842291,0.011486287178503016,0.3684450524395805,0.003550371562909812,0.11388508891928864,0.00029497581553705147,0.009461924304605563,0.00019546590186190156,0.006269949840401277,0.014805653584666944,0.4749202006383949,0.0008422803407503759,0.027017783857729138,562758,0.9618200244075903,0.03817997559240967,0.014734891849408781,0.3859324585932459,0.0073173495919202,0.19165411916541192,0.0008393188869744607,0.02198322219832222,0.0002841529695627822,0.007442460744246074,0.015004262294543443,0.39298773929877395,0.0,0.0,608827,0.9595762096761301,0.04042379032386994,0.013435694438671267,0.33237097093138224,0.011178293136029211,0.27652758552501483,0.002235019136751836,0.05528969744908048,0.00021582802822710863,0.005339133873838244,0.013358955584190518,0.3304726122206842,0.0,0.0,625498
Virginia,0.9844506127703276,0.01554938722967233,0.008461047151121904,0.5441402304893402,0.0029261184142167795,0.1881822332286493,0.00017597153821712435,0.01131694359513565,0.00023835753587356207,0.01532906296260428,0.003247944112472058,0.2088792352070392,0.000499948477770901,0.03215229451723136,4648479,0.9668367241974573,0.03316327580254275,0.011147938830160294,0.33615312602217484,0.011815064586077176,0.3562695270643702,0.0010593216376543957,0.0319426115791967,0.0002973731292144225,0.008966940750516022,0.006204437854439781,0.18708760531925692,0.0026391397649966767,0.07958018926448528,5346818,0.9496054697336085,0.05039453026639157,0.010466341207345688,0.2076880397935916,0.0217420747272099,0.431437193923203,0.002136614690793712,0.04239774990458903,0.00033083587534453316,0.006564916343017681,0.013749648880830882,0.2728401040380489,0.001969014884866853,0.039071995997549784,6187358,0.9194352205229487,0.08056477947705133,0.012235899761461267,0.1518765376245662,0.03325188969720344,0.4127348192726718,0.006005355643097458,0.07454070726784609,0.0003965521016766935,0.004922152139566774,0.028673952093059066,0.355911755474075,1.1301805534070352e-06,1.4028221274148268e-05,7078515,0.8885611959143875,0.11143880408561246,0.012531449022483595,0.11245139541210757,0.045906433660575764,0.4119429855448584,0.010114467267751347,0.09076252523296055,0.00042233549658107875,0.003789842326884817,0.04246262143705111,0.38103981629621003,0.0,0.0,8014955
Washington,0.9542350742602066,0.045764925739793454,0.02511556362401189,0.5487950262786823,0.005929024765917479,0.12955390334572492,0.0002452216249100585,0.005358287399051404,0.0003886586758442913,0.008492500961415203,0.012574648131901074,0.2747660556338931,0.0015118089172086622,0.03303422638123318,3409161,0.9421464242879504,0.05785357571204959,0.019709081651321972,0.34067179787501045,0.01684858945306034,0.2912281435622856,0.0005798425809674175,0.010022588471513428,0.0007349674116853284,0.012703923701162889,0.016772116057573817,0.28990629967372206,0.0032089785574407163,0.05546724671630553,4132156,0.9338063719668308,0.06619362803316914,0.01562067211156983,0.23598452865799147,0.025905892544668945,0.3913653521406576,0.0008971186177387022,0.013552945266713023,0.0008297217082979568,0.012534767060693355,0.020999890685500542,0.31724942882686,0.0019403323653931664,0.029312978047084534,4866692,0.8957508676866321,0.10424913231336784,0.021423041705455316,0.20549851332151803,0.040675785244313784,0.39017864553581455,0.0031853774294759133,0.030555433496566888,0.0013681429342899476,0.013123782461588036,0.03758948959480133,0.36057364469767617,7.29540503155602e-06,6.998048683634494e-05,5894121,0.8698741332545052,0.13012586674549476,0.02207275750239586,0.16962620925758456,0.05180187198922524,0.3980905048689617,0.006542643002804393,0.05027934235090052,0.0019367196767810595,0.01488343344193796,0.04777039061162115,0.36710910602464875,0.0,0.0,6738714
West Virginia,0.9904473935866477,0.009552606413352321,0.00723181954735483,0.7570519745528748,0.0011902059125026658,0.12459488656823911,9.918382604188882e-05,0.010382907214019925,3.8412233206974284e-05,0.004021125915256271,0.0006713541057517446,0.07027967830992678,0.0003216307884942175,0.03366942743968311,1744236,0.9887261469273365,0.011273853072663521,0.005752332220651565,0.5102365787079163,0.0026671535931688042,0.23657870791628755,0.0004590581665165538,0.040718835304822565,5.949804169376563e-05,0.005277525022747953,0.0010299316182851843,0.0913557779799818,0.001305879432347649,0.11583257506824386,1949644,0.9912393635379768,0.00876063646202321,0.00391083911307477,0.44641038696537677,0.003111832490742842,0.3552062118126273,0.00027265473713908794,0.031122708757637476,4.460609196549496e-05,0.0050916496945010185,0.0012004614500213831,0.13702902240325865,0.00022024257907963136,0.025140020366598778,1793477,0.9892774826028676,0.010722517397132404,0.0037017293169883604,0.3452294997421351,0.004636839008507231,0.43243940175348117,0.00036718677419782963,0.034244455905105727,8.737275651092934e-05,0.00814853017019082,0.0019293895409280535,0.17993811242908717,0.0,0.0,1808344,0.9863651666782852,0.013634833321714732,0.0028662817937606493,0.21021758947326702,0.006104899212691187,0.4477428560104633,0.0007965496538467566,0.05842019737624351,3.296440222839359e-05,0.00241766081407792,0.0038341382591877463,0.2812016963259482,0.0,0.0,1850481
Wisconsin,0.9704216938514364,0.029578306148563594,0.02392721512468731,0.8089447382317152,0.001489678751377121,0.05036389656307158,0.0001516615656317689,0.005127459458632117,8.692244955611829e-05,0.0029387230330070635,0.0024628027374233516,0.08326381926853348,0.0014600255198879244,0.049361363445040524,4417731,0.9733737348236748,0.026626265176325135,0.01678621147200871,0.6304380791240014,0.003978310018324324,0.1494129947245345,0.000531475527793875,0.019960573676943583,0.00013451579731848178,0.0050519964564195476,0.003771117439516236,0.14163148359497832,0.00142463492136351,0.053504872423122664,4705767,0.9751527514892874,0.024847248510712586,0.01156820773834578,0.46557298822677645,0.007455789510911083,0.3000649954338651,0.00047119968256882123,0.018963857602408946,0.00011570456413620512,0.00465663488197981,0.004570330283380102,0.1839370778382025,0.0006660167313705941,0.026804446016767177,4891769,0.9638771924100547,0.03612280758994533,0.009734556996835193,0.26948506072226724,0.011701305541443134,0.32393123132267704,0.0008971460798799331,0.024836000846447243,0.0001950155443795532,0.0053986818132551575,0.013593478352062718,0.3763128964495667,1.3050753447962452e-06,3.612884578660239e-05,5363675,0.9535062743319714,0.04649372566802861,0.008871647109070355,0.19081385674306028,0.015012434020916022,0.3228916118296649,0.0017141945826246536,0.03686937447999395,0.00018304201051515687,0.00393691853868845,0.020712407944902422,0.4454882384085924,0.0,0.0,5687219
Wyoming,0.9789751395841355,0.02102486041586446,0.014337456680785522,0.681928745170983,0.0015071476703889103,0.07168407497496065,6.919041201386215e-05,0.003290885677493204,0.0001353725452445129,0.006438689369008442,0.0043620042356565265,0.2074688796680498,0.0006136888717751251,0.029188725139504938,332416,0.979540290103225,0.020459709896775046,0.008912655971479501,0.43561986051837204,0.0025875452820424355,0.12647028208597896,0.0005558430605868936,0.027167690225876964,0.0003300983693140556,0.016134068908087853,0.00617816367341984,0.3019673154991152,0.0018954035399323193,0.09264078276256896,469557,0.9831410883885817,0.01685891161141829,0.006012063811211937,0.3566104354648882,0.0031879150242069896,0.1890937622597097,0.00020503187915024208,0.012161632012553943,0.00022266903004488655,0.01320779390610697,0.006713140559274055,0.39819537073362105,0.0005180913075301816,0.03073100562312018,453588,0.9773077997982915,0.022692200201708448,0.005947968941759724,0.2621151271753681,0.004394651890915424,0.19366354306113343,0.000528573338031763,0.023293172690763052,0.00038883555901187165,0.01713520749665328,0.011432170471989663,0.5037929495760821,0.0,0.0,493782,0.9680527644664296,0.03194723553357036,0.004275030516894899,0.13381535038932146,0.0054974831335298496,0.1720800889877642,0.0010234487022990283,0.03203559510567297,0.0003624714153975725,0.011345939933259178,0.020788801765449012,0.6507230255839822,0.0,0.0,562803
