STATE,Male_Ratio_1820,Female_Ratio_1820,Total_Population_1820,Male_Ratio_1830,Female_Ratio_1830,Total_Population_1830,Male_Ratio_1840,Female_Ratio_1840,Total_Population_1840,Male_Ratio_1850,Female_Ratio_1850,Total_Population_1850,Male_Ratio_1860,Female_Ratio_1860,Total_Population_1860,Male_Ratio_1870,Female_Ratio_1870,Total_Population_1870,Male_Ratio_1880,Female_Ratio_1880,Total_Population_1880,Male_Ratio_1890,Female_Ratio_1890,Total_Population_1890,Male_Ratio_1900,Female_Ratio_1900,Total_Population_1900,Male_Ratio_1910,Female_Ratio_1910,Total_Population_1910,Male_Ratio_1920,Female_Ratio_1920,Total_Population_1920,Male_Ratio_1930,Female_Ratio_1930,Total_Population_1930,Male_Ratio_1940,Female_Ratio_1940,Total_Population_1940,Male_Ratio_1950,Female_Ratio_1950,Total_Population_1950,Male_Ratio_1960,Female_Ratio_1960,Total_Population_1960,Male_Ratio_1970,Female_Ratio_1970,Total_Population_1970,Male_Ratio_1980,Female_Ratio_1980,Total_Population_1980,Male_Ratio_1990,Female_Ratio_1990,Total_Population_1990,Male_Ratio_2000,Female_Ratio_2000,Total_Population_2000,Male_Ratio_2010,Female_Ratio_2010,Total_Population_2010
Alabama,0.5311686382436416,0.4688313617563584,127901,0.5196961815932051,0.48030381840679487,309527,0.5164264095497972,0.4835735904502028,590756,0.5084646258600378,0.4915353741399621,771623,0.5074574699673616,0.4925425300326384,964201,0.49021255937861086,0.5097874406213891,996992,0.4931695320018535,0.5068304679981466,1262505,0.5006262322234317,0.4993737677765683,1513017,0.5013208858547917,0.4986791141452083,1828697,0.5024145348214507,0.4975854651785493,2138093,0.4995818027113834,0.5004181972886166,2348174,0.4969333939978415,0.5030666060021586,2646248,0.4941476426961049,0.5058523573038951,2832961,0.49077927180694136,0.5092207281930586,3061743,0.4872469189467175,0.5127530810532824,3266740,0.4825381478529629,0.5174618521470371,3444165,0.48063375217777193,0.5193662478222281,3893888,0.47917839660425576,0.5208216033957442,4040587,0.4826750016864923,0.5173249983135076,4447100,0.4854217889858352,0.5145782110141648,4779736
Alaska,,,0,,,0,,,0,,,0,,,0,,,0,,,0,,,0,,,0,,,0,,,0,,,0,,,0,,,0,0.5695393227128627,0.4304606772871374,226167,0.5435012750431117,0.4564987249568882,300382,0.530149234417732,0.46985076558226807,401851,0.5269897080773684,0.4730102919226315,550043,0.5169811079989536,0.48301889200104636,626932,0.5204334927650299,0.47956650723497,710231
Arizona,,,0,,,0,,,0,,,0,,,0,,,0,,,0,,,0,,,0,,,0,0.5494400919314584,0.4505599080685416,334162,0.5310338335939097,0.46896616640609035,435573,0.5171042801260263,0.48289571987397373,499261,0.505690466883764,0.494309533116236,749587,0.5029547037578302,0.49704529624216975,1302161,0.4918436952961771,0.5081563047038229,1770900,0.49221345625713936,0.5077865437428607,2718215,0.4940186531369945,0.5059813468630056,3665228,0.4991698878422775,0.5008301121577224,5130632,0.49684207660899526,0.5031579233910047,6392017
Arkansas,,,0,,,0,0.538852563182815,0.4611474368171849,97574,0.5233328727899875,0.47666712721001253,209897,0.5230152715581582,0.47698472844184175,435450,0.5124372769474334,0.4875627230525666,484471,0.5187115666178623,0.4812884333821376,802525,0.5192039561098017,0.48079604389019825,1128179,0.5148906191386772,0.4851093808613228,1311564,0.5144822093316456,0.48551779066835443,1574449,0.5109153956959349,0.48908460430406503,1752204,0.5067954285886841,0.49320457141131596,1854482,0.5042179926305038,0.4957820073694962,1949387,0.4983129188572362,0.5016870811427637,1909511,0.4920790338761398,0.5079209661238602,1786272,0.4847462297775432,0.5152537702224568,1923295,0.4831486571890301,0.5168513428109699,2286435,0.4820112943879016,0.5179887056120984,2350725,0.48802760529662603,0.511972394703374,2673400,0.4909729971830484,0.5090270028169517,2915918
California,,,0,,,0,,,0,0.9242200071276607,0.07577999287233927,92597,0.7193192524092485,0.28068074759075146,379994,0.6237945049237211,0.3762054950762789,560247,0.5992593911834707,0.40074060881652934,864694,0.5794566809863178,0.4205433190136823,1208130,0.552526408148396,0.44747359185160396,1485053,0.5564461552632564,0.4435538447367436,2377549,0.5292280603152565,0.47077193968474357,3426861,0.5183133527124307,0.48168664728756927,5677251,0.5089811820301946,0.49101881796980534,6907387,0.5002378090845054,0.4997621909154946,10586223,0.49860694052199106,0.5013930594780089,15717204,0.4919871234263249,0.5080128765736751,19953134,0.4929243411604459,0.5070756588395541,23667902,0.5005919518672383,0.49940804813276174,29760021,0.49820109136703356,0.5017989086329664,33871648,0.4970701635015621,0.5029298364984379,37253956
Colorado,,,0,,,0,,,0,,,0,,,0,,,0,0.6645036459164192,0.33549635408358075,194327,0.5949737747393243,0.4050262252606757,412198,0.5472151195108393,0.45278488048916066,539700,0.539028865215563,0.460971134784437,799024,0.5243888811435151,0.4756111188564848,939629,0.5124122530510499,0.48758774694895013,1035791,0.506347391960801,0.4936526080391989,1123296,0.5019655283531899,0.49803447164681014,1325089,0.4962903668126802,0.5037096331873198,1753947,0.49354289641587146,0.5064571035841285,2207259,0.49630133800974685,0.5036986619902531,2889964,0.49517301209266407,0.5048269879073359,3294394,0.5035693021186113,0.4964306978813887,4301261,0.5012057593301196,0.49879424066988043,5029196
Connecticut,0.4891684416368011,0.5108315583631988,275122,0.4935080204921475,0.5064919795078525,297675,0.4909993612449916,0.5090006387550084,309978,0.49543679475285335,0.5045632052471466,370792,0.49113435489093704,0.508865645109063,460147,0.4935678216182222,0.5064321783817778,537454,0.49105829452384775,0.5089417054761523,622700,0.4951879912845155,0.5048120087154845,746258,0.5000924682415623,0.4999075317584377,908420,0.5056191668849506,0.4943808331150494,1114756,0.5036356564498407,0.4963643435501593,1380631,0.49866295600916793,0.501337043990832,1606903,0.49725141319953525,0.5027485868004647,1709242,0.4924559603044916,0.5075440396955083,2007280,0.49077481605248274,0.5092251839475173,2535234,0.4850356680011175,0.5149643319988825,3031709,0.4820493529361792,0.5179506470638208,3107576,0.4845807084386435,0.5154192915613566,3287116,0.48430113652213364,0.5156988634778664,3405565,0.4867282561161603,0.5132717438838398,3574097
Delaware,0.5077595568323964,0.4922404431676037,72749,0.5020717152238495,0.49792828477615053,76748,0.5027341999103541,0.4972658000896459,78085,0.5020648516365861,0.4979351483634139,91532,0.5051775147928994,0.4948224852071006,112216,0.50096388433388,0.49903611566612005,125015,0.5054840117865328,0.4945159882134672,146608,0.5078727306178892,0.4921272693821108,168493,0.5096922618886514,0.4903077381113487,184735,0.5112395092970611,0.48876049070293887,202322,0.5101052452209163,0.4898947547790837,223003,0.5086710294487793,0.49132897055122077,238380,0.5040543329393444,0.4959456670606555,266505,0.4946602323278369,0.5053397676721632,318085,0.49549622220429673,0.5045037777957032,446292,0.48773955307751815,0.5122604469224818,548104,0.48221550700106675,0.5177844929989333,594338,0.4848146413517311,0.5151853586482689,666168,0.48563169984686066,0.5143683001531394,783600,0.48437747094998074,0.5156225290500193,897934
District Of Columbia,0.48152183782802144,0.5184781621719786,33039,0.4805944670382086,0.5194055329617915,39834,0.4651583089311859,0.5348416910688141,43712,0.4675063362160698,0.5324936637839301,51687,0.47281566329248803,0.527184336707512,75080,0.4722247532270311,0.5277752467729688,131700,0.4705332612709994,0.5294667387290006,177624,0.4756415153303934,0.5243584846696066,230392,0.47361132040270093,0.5263886795972991,278718,0.4773929301746766,0.5226070698253235,331069,0.4651656531168656,0.5348343468831344,437571,0.47627390530101527,0.5237260946989848,486869,0.47885131904972317,0.5211486809502768,663091,0.471114889712757,0.5288851102872429,802178,0.46883721051997757,0.5311627894800224,763956,0.464621749877728,0.535378250122272,756510,0.46279449754281854,0.5372055024571815,638333,0.46625473718899324,0.5337452628110068,606900,0.4708710115565003,0.5291289884434998,572059,0.47234691045547533,0.5276530895445246,601723
Florida,,,0,,,0,,,0,0.5252101320830236,0.47478986791697636,87445,0.5193556656981713,0.48064433430182874,140424,0.5035899184012612,0.49641008159873873,187748,0.506298864905582,0.49370113509441804,269493,0.5159316543270435,0.48406834567295653,391422,0.5207646696005237,0.4792353303994763,528542,0.5237258161167868,0.47627418388321313,752619,0.5114458888762687,0.48855411112373126,968470,0.5024311900673677,0.4975688099326323,1468211,0.497057047117814,0.5029429528821859,1897414,0.49323946660508317,0.5067605333949169,2771305,0.49212430022053655,0.5078756997794635,4951560,0.48245062223808344,0.5175493777619166,6789443,0.4797322559767149,0.5202677440232851,9746324,0.48398166754084077,0.5160183324591592,12937926,0.48789454235158247,0.5121054576484175,15982378,0.4887614214115931,0.5112385785884068,18801310
Georgia,0.513720544892004,0.486279455107996,340985,0.5095864541632241,0.4904135458367758,516823,0.5080229450152736,0.4919770549847265,691392,0.5037216462422133,0.4962783537577868,906185,0.5031230906301606,0.49687690936983936,1057286,0.4889372515536999,0.5110627484463002,1184109,0.49474185892697353,0.5052581410730265,1542180,0.5006795101431244,0.4993204898568756,1837353,0.4977600367454139,0.5022399632545861,2216331,0.5001757296806089,0.4998242703193911,2609121,0.49893191317728375,0.5010680868227162,2895832,0.4932178238587096,0.5067821761412904,2908506,0.49132333436735587,0.5086766656326441,3123723,0.49023915266253226,0.5097608473374677,3444578,0.4884241295462776,0.5115758704537224,3943116,0.4860354172227276,0.5139645827772724,4589575,0.4833231285139129,0.5166768714860871,5463105,0.4853964424773734,0.5146035575226267,6478216,0.4919240359652709,0.5080759640347291,8186453,0.4881647804684994,0.5118352195315006,9687653
Hawaii,,,0,,,0,,,0,,,0,,,0,,,0,,,0,,,0,,,0,,,0,,,0,,,0,,,0,,,0,0.5344310430929308,0.46556895690706923,632772,0.5194187579125145,0.4805812420874856,768561,0.5127890692460073,0.48721093075399274,964691,0.5088217326924309,0.4911782673075691,1108229,0.5023957171757858,0.4976042828242142,1211537,0.500803131071726,0.499196868928274,1360301
Idaho,,,0,,,0,,,0,,,0,,,0,,,0,,,0,0.6078094448065414,0.3921905551934586,84385,0.5771517938827485,0.42284820611725144,161772,0.5698692236343421,0.43013077636565783,325594,0.5416471775967545,0.45835282240324543,431866,0.5333256934332812,0.4666743065667188,445032,0.5269446132683525,0.4730553867316475,524873,0.5151511033115486,0.48484889668845144,588637,0.5072325615903093,0.4927674384096908,667191,0.4992512984743891,0.5007487015256109,712567,0.49913924157913414,0.5008607584208659,943935,0.4975977130347286,0.5024022869652713,1006749,0.5013010518929204,0.4986989481070796,1293953,0.5009779392720763,0.49902206072792366,1567582
Illinois,0.5472245386316668,0.4527754613683333,55162,0.5285591793959795,0.4714408206040204,157445,0.5402943826218072,0.4597056173781928,476183,0.5265258905187499,0.47347410948125007,851470,0.5273287611619725,0.4726712388380275,1711951,0.5183438974349687,0.48165610256503133,2539891,0.515461174298728,0.4845388257012721,3077871,0.5154540187243669,0.4845459812756331,3826351,0.5128603872198775,0.4871396127801226,4821550,0.5163832595767276,0.4836167404232724,5638591,0.5095898712160462,0.4904101287839538,6485280,0.5076179577792415,0.49238204222075854,7630654,0.5010799341187637,0.4989200658812362,7897241,0.4957717796334693,0.5042282203665307,8712176,0.49129931303526836,0.5087006869647316,10081158,0.4851401514633467,0.5148598485366533,11113976,0.48462156187913064,0.5153784381208694,11426518,0.48573408469650153,0.5142659153034984,11430602,0.4895879338703097,0.5104120661296904,12419293,0.4904104489942506,0.5095895510057493,12830632
Indiana,0.525900610145538,0.47409938985446193,147178,0.5181514207170781,0.48184857928292196,343031,0.5197881218780345,0.48021187812196553,685866,0.517892263986014,0.482107736013986,988416,0.5178062066248627,0.48219379337513735,1350428,0.5105171432022501,0.4894828567977499,1680637,0.5107215737140102,0.48927842628598983,1978301,0.5101007843444912,0.48989921565550876,2192404,0.5107980966928967,0.4892019033071034,2516462,0.5121653122912714,0.48783468770872856,2700876,0.508148744706336,0.49185125529366397,2930390,0.5064256540753552,0.49357434592464483,3238503,0.5032974541075373,0.49670254589246265,3427796,0.49781507102798417,0.5021849289720158,3934224,0.49302712837624807,0.5069728716237519,4662498,0.4873568184649426,0.5126431815350574,5193669,0.4855585127309924,0.5144414872690076,5490224,0.4848852639327263,0.5151147360672736,5544159,0.49049935983724985,0.5095006401627502,6080485,0.4919547203939911,0.508045279606009,6483802
Iowa,,,0,,,0,,,0,0.5257265339673489,0.4742734660326511,192214,0.525242512738679,0.4747574872613211,674913,0.5242098122309509,0.4757901877690491,1194020,0.522053532683128,0.477946467316872,1624615,0.5201396937908757,0.47986030620912434,1911896,0.5183356609955942,0.48166433900440575,2231853,0.5160850262791091,0.4839149737208908,2224771,0.5113898755460123,0.4886101244539877,2404021,0.5079449553388409,0.4920550446611592,2470939,0.5044754927375675,0.49552450726243247,2538268,0.4999032838841192,0.5000967161158808,2621073,0.49284814673384253,0.5071518532661574,2757537,0.4860779867836294,0.5139220132163707,2824376,0.48609585806614575,0.5139041419338543,2913808,0.4843070418528102,0.5156929581471899,2776755,0.49055231068056715,0.5094476893194329,2926324,0.4951225316813044,0.5048774683186956,3046355
Kansas,,,0,,,0,,,0,,,0,,,0,0.5549521266523783,0.4450478733476217,364399,0.5387703594834233,0.4612296405165767,996096,0.5270227090539109,0.47297729094608915,1427096,0.5227600229854573,0.47723997701454274,1470495,0.523914086113774,0.476085913886226,1690949,0.5138999026144874,0.4861000973855127,1769257,0.5110534349034742,0.48894656509652584,1880999,0.5032348192254645,0.4967651807745354,1801028,0.5004642315982951,0.49953576840170494,1905299,0.4963607546276045,0.5036392453723956,2178611,0.4903337431417916,0.5096662568582083,2246578,0.48946620924414863,0.5105337907558514,2363679,0.49025579054349133,0.5097442094565087,2477574,0.49414711551551876,0.5058528844844812,2688418,0.49609164429932445,0.5039083557006755,2853118
Kentucky,0.5124713056271991,0.48752869437280083,564135,0.5118117447308324,0.48818825526916765,687917,0.5130464666567499,0.48695353334325003,779828,0.5117339590087591,0.4882660409912409,982405,0.5125285112539414,0.4874714887460586,1155684,0.5039132906539007,0.49608670934609933,1321011,0.5050009401403539,0.49499905985964615,1648690,0.5072313821702485,0.4927686178297514,1858635,0.507749721261528,0.49225027873847205,2147174,0.5073175524748843,0.4926824475251157,2289905,0.5079362583432301,0.49206374165676997,2416630,0.5059277003001237,0.49407229969987637,2614589,0.5045678860932933,0.49543211390670666,2845627,0.5008774771580878,0.49912252284191216,2944806,0.49650116715534026,0.5034988328446597,3038156,0.49058099745674194,0.5094190025432581,3218706,0.48870472033669354,0.5112952796633065,3660777,0.484421061428987,0.515578938571013,3685296,0.48873847070428816,0.5112615292957119,4041769,0.49199618285339775,0.5080038171466023,4339367
Louisiana,0.5388790437017322,0.46112095629826777,152923,0.5329027648251511,0.46709723517484886,215529,0.5329061805675759,0.46709381943242406,352411,0.5303517832517644,0.4696482167482357,517762,0.5225889192403411,0.4774110807596589,708002,0.4982219379157123,0.5017780620842877,726915,0.49870311698757164,0.5012968830124284,939946,0.5000505101525407,0.49994948984745935,1118587,0.5028376006514068,0.49716239934859313,1381625,0.5042749645614434,0.49572503543855667,1656388,0.5022688237868145,0.49773117621318547,1798509,0.4985851209059033,0.5014148790940968,2101593,0.4959566475455607,0.5040433524544393,2363880,0.4915811942242938,0.5084188057757062,2683516,0.4888680518584155,0.5111319481415846,3257022,0.48649687776858086,0.5135031222314191,3641306,0.4850077272403053,0.5149922727596947,4205900,0.48137416992952325,0.5186258300704768,4219973,0.48398178911679096,0.5160182108832091,4468976,0.48954553034694703,0.510454469653053,4533372
Maine,0.5016679574478072,0.4983320425521928,298269,0.5039341102251819,0.4960658897748182,399455,0.5056049008256392,0.49439509917436075,501793,0.5100939864773333,0.48990601352266666,583169,0.5048537353627927,0.49514626463720735,628279,0.4994345325921377,0.5005654674078623,626915,0.49936819655559256,0.5006318034444075,648936,0.5030964201329328,0.49690357986706724,661086,0.5054171118528481,0.4945828881471519,694466,0.5079023830402858,0.4920976169597142,742371,0.5061782727919022,0.49382172720809775,768014,0.5032272708462133,0.4967727291537866,797423,0.5026061523135503,0.4973938476864497,847226,0.49699925802222433,0.5030007419777757,913774,0.49424460802773235,0.5057553919722676,969265,0.48673552086189376,0.5132644791381062,992048,0.4856890082335995,0.5143109917664005,1124660,0.48687708074089037,0.5131229192591097,1227928,0.4865462463223269,0.5134537536776731,1274923,0.4893669717795087,0.5106330282204913,1328361
Maryland,0.5078237387995581,0.4921762612004419,407350,0.504849677881174,0.49515032211882604,447040,0.49797774132535066,0.5020222586746493,470019,0.5013824236665443,0.49861757633345566,583034,0.4961771285599717,0.5038228714400282,687049,0.49300417214116127,0.5069958278588387,780894,0.49434778376863614,0.5056522162313638,934943,0.494719826552442,0.505280173447558,1042390,0.49600435674099613,0.5039956432590039,1188044,0.49733816293098526,0.5026618370690148,1295346,0.503190056157957,0.4968099438420431,1449661,0.5032153946673237,0.49678460533267627,1631526,0.5024247162928196,0.49757528370718035,1821244,0.4979097320060896,0.5020902679939103,2343001,0.49447074505053557,0.5055292549494644,3100689,0.4885584052004908,0.5114415947995091,3922399,0.48442544715109764,0.5155745528489023,4216975,0.48492868717306065,0.5150713128269393,4781468,0.48292282845645207,0.5170771715435479,5296486,0.4835432330045698,0.5164567669954302,5773552
Massachusetts,0.48830661424155947,0.5116933857584406,523159,0.48826850237873687,0.5117314976212631,610408,0.4952331506481641,0.5047668493518359,737699,0.4912117878682452,0.5087882121317548,994514,0.48471243621381793,0.515287563786182,1231066,0.4829166069121303,0.5170833930878697,1457351,0.48143526528460506,0.518564734715395,1783085,0.48581361830113584,0.5141863816988641,2238943,0.487452884599618,0.512547115400382,2805346,0.4916944311101183,0.5083055688898817,3366416,0.49061249791036965,0.5093875020896304,3852356,0.48749651144786327,0.5125034885521368,4249614,0.4870546417060542,0.5129453582939458,4316721,0.4840337327636161,0.515966267236384,4690514,0.4828974136159538,0.5171025863840463,5148578,0.4779955599850242,0.5220044400149758,5689170,0.4760110489090449,0.5239889510909551,5737037,0.4801431082411897,0.5198568917588102,6016425,0.4817718173151237,0.5182281826848762,6349097,0.48362972306463914,0.5163702769353609,6547629
Michigan,,,0,,,0,0.5360607159850566,0.46393928401494344,212267,0.5278357567131224,0.47216424328687756,397654,0.5268817921995747,0.4731182078004253,749113,0.5217180900613905,0.4782819099386095,1184059,0.5268101338047829,0.473189866195217,1636937,0.5214125486116982,0.4785874513883019,2093889,0.5158671150797486,0.48413288492025136,2420982,0.5175958917831749,0.4824041082168251,2810173,0.525686863961845,0.47431313603815495,3668412,0.5202684660777622,0.4797315339222378,4842325,0.5126850561993993,0.4873149438006007,5256106,0.5041175397841038,0.4958824602158962,6371766,0.4963277147415749,0.5036722852584251,7823194,0.48998392465738067,0.5100160753426193,8875083,0.48759997486525164,0.5124000251347484,9262078,0.4854907809831144,0.5145092190168856,9295297,0.49032776156911484,0.5096722384308852,9938444,0.4905190800150552,0.5094809199849448,9883640
Minnesota,,,0,,,0,,,0,,,0,0.5411136882858687,0.45888631171413125,172023,0.5351280173570522,0.46487198264294777,439706,0.5368384921097425,0.46316150789025745,780773,0.5341120856397091,0.46588791436029087,1301826,0.5324273121867495,0.46757268781325045,1751394,0.5340399516695027,0.46596004833049737,2075708,0.5217728439021836,0.4782271560978164,2387125,0.5134926420258094,0.48650735797419065,2563953,0.5112434194033593,0.4887565805966408,2792300,0.5033416787287639,0.4966583212712361,2982483,0.49590786276196125,0.5040921372380388,3413864,0.48983553356911264,0.5101644664308874,3804971,0.49014737596204094,0.5098526240379591,4075970,0.49031644769638355,0.5096835523036164,4375099,0.4950993794261547,0.5049006205738453,4919479,0.4962611650805771,0.5037388349194228,5303925
Mississippi,0.5351367829498462,0.46486321705015377,75448,0.5259293959201001,0.47407060407989987,136621,0.5216916765827856,0.4783083234172144,375651,0.5139499378427306,0.4860500621572694,606526,0.5130107859801214,0.48698921401987855,791305,0.4993477646444955,0.5006522353555045,827922,0.5012181898679476,0.4987818101320523,1131597,0.503789547146402,0.496210452853598,1289600,0.5037491861507023,0.49625081384929765,1551270,0.5040080929757378,0.4959919070242622,1797114,0.501013616527925,0.498986383472075,1790618,0.5001146868303197,0.49988531316968027,2009821,0.49660407840292775,0.5033959215970722,2183796,0.49418701242912755,0.5058129875708725,2178914,0.4902956236533815,0.5097043763466185,2178141,0.4845555439277698,0.5154444560722302,2216912,0.4815756963118068,0.5184243036881933,2520638,0.47824084725106636,0.5217591527489336,2573216,0.48285382636506746,0.5171461736349325,2844658,0.4857080366407542,0.5142919633592458,2967297
Missouri,,,0,0.5277704602897725,0.47222953971022746,140455,0.5293039911181073,0.4706960088818927,383702,0.5246465037446264,0.47535349625537354,682044,0.5263914410344396,0.4736085589655604,1182012,0.5207399080343579,0.4792600919656421,1721295,0.519829088997316,0.48017091100268405,2168380,0.5170372770216604,0.4829627229783397,2679184,0.5136408334983013,0.48635916650169875,3106665,0.5124935665518388,0.4875064334481612,3293335,0.5062547461777204,0.49374525382227963,3404055,0.5022545253759126,0.49774547462408736,3629367,0.4970723953302063,0.5029276046697937,3784664,0.49077959558019374,0.5092204044198062,3954653,0.4880486724772577,0.5119513275227423,4319813,0.4824016930606879,0.5175983069393121,4676501,0.481114108161473,0.518885891838527,4916686,0.48158683684989445,0.5184131631501055,5117073,0.4861616478806608,0.5138383521193391,5595211,0.4898167902196838,0.5101832097803163,5988927
Montana,,,0,,,0,,,0,,,0,,,0,,,0,,,0,0.6649717385876104,0.3350282614123896,132159,0.615800007397392,0.384199992602608,243329,0.6032979393862036,0.3967020606137965,376053,0.5464511039572664,0.4535488960427336,548889,0.5454329006744716,0.45456709932552836,537606,0.5344638362981182,0.46553616370188183,559456,0.523537115244051,0.476462884755949,591024,0.509424734760295,0.49057526523970496,674767,0.4997127053364804,0.5002872946635196,694409,0.4990847729092781,0.5009152270907219,786690,0.4952901203281335,0.5047098796718665,799065,0.4982071503388957,0.5017928496611043,902195,0.5019804632030038,0.49801953679699623,989415
Nebraska,,,0,,,0,,,0,,,0,,,0,0.5725935622352492,0.42740643776475085,122993,0.5509281568162828,0.4490718431837171,452402,0.5409562663493592,0.4590437336506408,1058910,0.5294870111600862,0.4705129888399137,1066300,0.5265682167798734,0.4734317832201266,1192214,0.5189906909436489,0.4810093090563511,1296372,0.5126030234483799,0.48739697655162,1377963,0.5059817575773236,0.4940182424226764,1315834,0.5034530105393396,0.49654698946066045,1325510,0.4960044780455315,0.5039955219544685,1411330,0.4883440636389926,0.5116559363610075,1483493,0.4878849553294157,0.5121150446705843,1569825,0.4874849925715209,0.5125150074284791,1578385,0.4928237214268058,0.5071762785731941,1711263,0.49623591651285276,0.5037640834871473,1826341
Nevada,,,0,,,0,,,0,,,0,,,0,0.7620201925113553,0.23797980748864467,42491,0.6748305656377477,0.32516943436225226,62266,0.6384038810340683,0.3615961189659317,45761,0.6047714656903271,0.39522853430967286,42335,0.6418442748091603,0.3581557251908397,81875,0.5973619956851448,0.40263800431485525,77407,0.5838147115025588,0.4161852884974412,91058,0.5563960924106779,0.44360390758932217,110247,0.5310807518599726,0.46891924814002733,160083,0.5171131317521855,0.4828868682478144,285278,0.5070160290380531,0.4929839709619469,488738,0.5060131693843669,0.49398683061563314,800493,0.5091223156628251,0.490877684337175,1201833,0.5094695026715783,0.49053049732842174,1998257,0.5049399178167715,0.49506008218322856,2700551
New Hampshire,0.4900459794608683,0.5099540205391317,244022,0.4881000118814234,0.5118999881185766,269328,0.4893349357284924,0.5106650642715076,284574,0.49129494049865396,0.508705059501346,317976,0.4901233772805476,0.5098766227194524,326073,0.4889726672950047,0.5110273327049953,318300,0.491442141150635,0.508557858849365,346991,0.49548774334050405,0.504512256659496,376530,0.4989917101567587,0.5010082898432413,411588,0.5023317819087167,0.4976682180912832,430572,0.5012875691461871,0.49871243085381295,443083,0.49809259971673764,0.5019074002832624,465293,0.4982645811801662,0.5017354188198339,491524,0.49212927713871,0.50787072286129,533242,0.4911792473814549,0.5088207526185451,606921,0.4889267854262208,0.5110732145737792,737681,0.4871357035009396,0.5128642964990604,920610,0.49000948386840865,0.5099905161315914,1109252,0.4917412885402489,0.5082587114597511,1235786,0.4932843133531338,0.5067156866468663,1316470
New Jersey,0.5047219799153648,0.4952780200846352,277426,0.5083457233427778,0.4916542766572222,320823,0.5039779698156472,0.49602203018435276,373306,0.5011612586941202,0.49883874130587985,489555,0.4985618308570238,0.5014381691429762,672035,0.4962741254789779,0.503725874521022,906096,0.4950173103377549,0.504982689662245,1131116,0.4988598087246952,0.5011401912753048,1444933,0.4999604495269604,0.5000395504730396,1883669,0.5070470331673083,0.49295296683269174,2537167,0.5038420102031116,0.49615798979688835,3155900,0.502468739282623,0.49753126071737697,4041334,0.4973742627996726,0.5026257372003274,4160165,0.4927780508834042,0.5072219491165958,4835329,0.48987931328338485,0.5101206867166151,6066782,0.4837184249690716,0.5162815750309284,7168164,0.479714447991486,0.520285552008514,7364823,0.48325926872671143,0.5167407312732886,7730188,0.48522024874173286,0.5147797512582671,8414350,0.4867665601973818,0.5132334398026182,8791894
New Mexico,,,0,,,0,,,0,,,0,,,0,,,0,,,0,,,0,,,0,,,0,0.5285305952546135,0.47146940474538646,360350,0.517867224798437,0.4821327752015629,423317,0.5111635935602029,0.4888364064397971,531818,0.5102035123982108,0.48979648760178923,681187,0.5044778096849393,0.49552219031506073,951023,0.49293700787401573,0.5070629921259843,1016000,0.49286971925574913,0.5071302807442509,1302894,0.4918937685346344,0.5081062314653656,1515069,0.4916406731880337,0.5083593268119663,1819046,0.49409060601336746,0.5059093939866325,2059179
New York,0.5087687332691491,0.49123126673085094,1372091,0.50858178176127,0.49141821823873005,1913006,0.5068777453033673,0.4931222546966328,2428921,0.5062129648343091,0.4937870351656909,3097394,0.49823860686184446,0.5017613931381555,3880735,0.49357699111450115,0.5064230088854988,4382759,0.49289505871779943,0.5071049412822005,5082871,0.49632643547616123,0.5036735645238388,5997853,0.4972943614255484,0.5027056385744516,7268894,0.5030492842905131,0.4969507157094869,9113614,0.4994931742946014,0.5005068257053986,10385227,0.5014686132087328,0.49853138679126724,12588066,0.49634657754922384,0.5036534224507762,13479142,0.4881894988277967,0.5118105011722033,14830192,0.484035953344907,0.515964046655093,16782305,0.47789410377284774,0.5221058962271522,18236967,0.47496228515294847,0.5250377148470515,17558072,0.4794583016382854,0.5205416983617146,17990455,0.48200504446114467,0.5179949555388553,18976457,0.4839043060047883,0.5160956939952117,19378102
North Carolina,0.5065361779130252,0.49346382208697476,638829,0.5011307787264545,0.4988692212735455,737987,0.4974920993497642,0.5025079006502358,753419,0.49583965736865665,0.5041603426313434,869039,0.4992998341765546,0.5007001658234453,992622,0.4841542673291262,0.5158457326708737,1071361,0.49145061618146096,0.508549383818539,1399750,0.49392779862381153,0.5060722013761885,1617947,0.4956553191714058,0.5043446808285942,1893810,0.49788445474228876,0.5021155452577113,2206287,0.499804815946713,0.500195184053287,2559123,0.4968677805970206,0.5031322194029795,3170276,0.49641017543004956,0.5035898245699504,3571623,0.49658795119264765,0.5034120488073524,4061929,0.4931941516476064,0.5068058483523936,4556155,0.48963756619118354,0.5103624338088165,5082059,0.485463889586903,0.514536110413097,5881766,0.48490964281193855,0.5150903571880614,6628637,0.48981757822065064,0.5101824217793494,8049313,0.4871795167586162,0.5128204832413837,9535483
North Dakota,,,0,,,0,,,0,,,0,,,0,,,0,,,0,0.5559903458315775,0.44400965416842253,182719,0.5561498499119525,0.44385015008804746,319146,0.5503001441801142,0.44969985581988575,577056,0.5281925945163803,0.47180740548361966,646872,0.5281892354353781,0.4718107645646219,680845,0.5224859214718001,0.4775140785281999,641935,0.5211834044503547,0.4788165955496453,619636,0.5110444211837849,0.48895557881621515,632446,0.5044167566421318,0.4955832433578682,617761,0.5031675289597176,0.4968324710402824,652717,0.49812304320601125,0.5018769567939887,638800,0.4991030831516661,0.5008969168483338,642200,0.505305601769872,0.49469439823012795,672591
Ohio,0.5213549058567509,0.47864509414324913,581295,0.5165811389877205,0.48341886101227954,937903,0.5160375315817981,0.4839624684182019,1519467,0.5134540775800385,0.48654592241996153,1980329,0.5087225492848719,0.4912774507151281,2339511,0.5018459737511537,0.49815402624884625,2665260,0.5046606350971307,0.4953393649028693,3198062,0.5053312405577298,0.49466875944227023,3672316,0.5057443755870351,0.4942556244129649,4157545,0.5107397106135968,0.48926028938640326,4767121,0.5132449698700939,0.486755030129906,5759394,0.5056859068496729,0.49431409315032715,6646697,0.5010518830530725,0.49894811694692753,6907612,0.4943649676774813,0.5056350323225187,7946627,0.4908338284535446,0.5091661715464554,9706397,0.4847319526433351,0.515268047356665,10652017,0.4831742706501334,0.5168257293498666,10797630,0.4818184374370512,0.5181815625629488,10847115,0.48552752806712507,0.5144724719328749,11353140,0.48820301193498483,0.5117969880650152,11536504
Oklahoma,,,0,,,0,,,0,,,0,,,0,,,0,,,0,,,0,,,0,0.531982825987913,0.468017174012087,1657155,0.5216451550400019,0.4783548449599982,2028283,0.5147092702959883,0.4852907297040116,2396040,0.5058529365691476,0.4941470634308523,2336434,0.4994982875508597,0.5005017124491403,2233351,0.49300300135206876,0.5069969986479312,2328284,0.48700409381106574,0.5129959061889342,2559229,0.48812014715944585,0.5118798528405542,3025290,0.48665637711268334,0.5133436228873167,3145585,0.4914706023843596,0.5085293976156404,3450654,0.49501552907205965,0.5049844709279404,3751351
Oregon,,,0,,,0,,,0,,,0,0.6021347565043362,0.39786524349566377,52465,0.5843515942060865,0.41564840579391354,90923,0.5915327748786964,0.4084672251213037,174768,0.5795383198360566,0.4204616801639433,313767,0.5633971407567903,0.4366028592432098,413536,0.571172697747356,0.4288273022526439,672765,0.5314524457198148,0.4685475542801852,783389,0.523882715829337,0.476117284170663,953786,0.5163781426542007,0.4836218573457993,1089684,0.5079571246683025,0.4920428753316975,1521341,0.4975165193163064,0.5024834806836936,1768687,0.4896047356177844,0.5103952643822156,2091385,0.4924095317125599,0.5075904682874401,2633105,0.49152541180253745,0.5084745881974626,2842321,0.4958644110201704,0.5041355889798296,3421399,0.4949009076828064,0.5050990923171935,3831074
Pennsylvania,0.5074018598443734,0.49259814015562664,1047507,0.5075984640637041,0.4924015359362959,1348233,0.5032136855849046,0.4967863144150953,1724033,0.5052816307391774,0.4947183692608226,2311786,0.5004512742519049,0.49954872574809506,2906215,0.49929683859883345,0.5007031614011666,3521951,0.49888147982285797,0.501118520177142,4282891,0.507098497645689,0.49290150235431096,5258014,0.5084865953731406,0.4915134046268594,6302115,0.514305141830301,0.48569485816969904,7665111,0.5079141474150796,0.49208585258492044,8720017,0.5030984233778235,0.49690157662217654,9631350,0.5001128262314423,0.49988717376855774,9900180,0.49251334443130756,0.5074866555686924,10498012,0.48676321624373664,0.5132367837562634,11319366,0.4803677898481326,0.5196322101518673,11793909,0.47898181836572223,0.5210181816342778,11863895,0.4792489557210228,0.5207510442789772,11881643,0.48283013819497905,0.517169861805021,12281054,0.487338867782169,0.512661132217831,12702379
Rhode Island,0.4830090947419141,0.5169909052580859,83015,0.48235064146750484,0.5176493585324952,97199,0.4849398143894147,0.5150601856105853,108830,0.48851536819275476,0.5114846318072452,147545,0.48180620776543354,0.5181937922345665,174620,0.4819625217963405,0.5180374782036595,217353,0.4810672221197623,0.5189327778802376,276531,0.4863157224476565,0.5136842775523435,345506,0.4912216839806233,0.5087783160193767,428556,0.49817364221079596,0.501826357789204,542610,0.492265845131594,0.507734154868406,604397,0.48781594683322255,0.5121840531667775,687497,0.4898099940281434,0.5101900059718566,713346,0.4932251204703648,0.5067748795296352,791896,0.49080964481179495,0.5091903551882051,859488,0.49041802001637225,0.5095819799836278,946725,0.4764283316123883,0.5235716683876117,947154,0.4798338555244633,0.5201661444755368,1003464,0.48042151291734675,0.5195784870826533,1048319,0.4830096326409625,0.5169903673590375,1052567
South Carolina,0.5066266725809114,0.49337332741908857,502741,0.4985176836979619,0.5014823163020381,581185,0.4929996399718707,0.5070003600281293,594398,0.4930898255366062,0.5069101744633938,668507,0.49355698670471276,0.5064430132952873,703708,0.4873853113493933,0.5126146886506067,705606,0.49258671102285406,0.5074132889771459,995577,0.4971875925705534,0.5028124074294466,1151149,0.49607331405429766,0.5039266859457023,1340316,0.49613435396594957,0.5038656460340504,1515400,0.4978802939199061,0.5021197060800939,1683724,0.4906689518134998,0.5093310481865002,1738765,0.4922818353893349,0.5077181646106651,1899804,0.4915100279779143,0.5084899720220857,2117027,0.4935032993451675,0.5064967006548325,2382594,0.49105544995668815,0.5089445500433118,2590516,0.4862589771351327,0.5137410228648673,3121820,0.4842712442097879,0.5157287557902122,3486703,0.4857734722627948,0.5142265277372051,4012012,0.4864700378175642,0.5135299621824359,4625364
South Dakota,,,0,,,0,,,0,,,0,,,0,,,0,,,0,0.5481922580959101,0.4518077419040899,328808,0.5382971835545484,0.4617028164454516,401570,0.5431041569616091,0.4568958430383909,583888,0.5296073974113459,0.4703926025886541,636547,0.5248618385824328,0.47513816141756715,692849,0.5171604498562121,0.4828395501437879,642961,0.5166697306737752,0.48333026932622486,652740,0.5058984826175509,0.4941015173824492,680514,0.4959121391660794,0.5040878608339207,665507,0.4931945313042874,0.5068054686957126,690768,0.4920919994712674,0.5079080005287326,696004,0.49620583855737077,0.5037941614426292,754844,0.5003574148222751,0.4996425851777248,814180
Tennessee,0.5082020337732194,0.4917979662267806,422761,0.5097667706891292,0.49023322931087077,681904,0.5061528442734651,0.49384715572653487,829210,0.5027659848192461,0.4972340151807539,1002717,0.5070440556460122,0.49295594435398776,1109801,0.4953016241299304,0.5046983758700696,1258520,0.49876649988751,0.50123350011249,1542359,0.5044276776813589,0.4955723223186412,1767518,0.5054023129580286,0.4945976870419714,2020616,0.5050789801669635,0.4949210198330365,2184789,0.5021491647365033,0.4978508352634967,2337885,0.49857866600218,0.5014213339978201,2616556,0.4958531689485126,0.5041468310514874,2915841,0.49308810779052153,0.5069118922094784,3291718,0.4879861422016664,0.5120138577983336,3567089,0.48364561189513844,0.5163543881048616,3923687,0.48280158218473923,0.5171984178152608,4591120,0.4816155220685703,0.5183844779314297,4877185,0.4869286692189508,0.5130713307810492,5689283,0.4874649883668802,0.5125350116331199,6346105
Texas,,,0,,,0,,,0,0.5352035824490103,0.4647964175509897,212592,0.5298891950712908,0.47011080492870916,604215,0.5174295944557581,0.4825704055442419,818579,0.5263643953914845,0.47363560460851556,1591749,0.5245094772006371,0.4754905227993628,2235523,0.5178911736439347,0.48210882635606533,3048710,0.517799115215491,0.48220088478450895,3896542,0.5166425488953146,0.4833574511046854,4663228,0.5092084333739934,0.4907915666260066,5824715,0.502134275234987,0.49786572476501306,6414824,0.5009784476956487,0.4990215523043513,7711194,0.49531743084866015,0.5046825691513399,9579677,0.4895330154429016,0.5104669845570984,11196730,0.4918567049946831,0.5081432950053169,14229191,0.4925062888138882,0.5074937111861118,16986510,0.4964991065528093,0.5035008934471907,20851820,0.4960032508322244,0.5039967491677756,25145561
Utah,,,0,,,0,,,0,,,0,,,0,,,0,,,0,,,0,0.5119693296091404,0.48803067039085957,276749,0.5272866551850671,0.4727133448149329,373351,0.5163619613881744,0.48363803861182564,449396,0.5119632487737449,0.48803675122625517,507847,0.5062964510912031,0.49370354890879686,550310,0.5046526009563599,0.4953473990436401,688862,0.49956266764874635,0.5004373323512536,890627,0.493985025578864,0.506014974421136,1059273,0.495881350027412,0.5041186499725879,1461037,0.4967112633136953,0.5032887366863047,1722850,0.5010955283724609,0.49890447162753915,2233169,0.5023063550039166,0.49769364499608343,2763885
Vermont,0.4994634123580588,0.5005365876419412,235749,0.5003420606302467,0.4996579393697533,280652,0.5026306054502857,0.49736939454971435,291948,0.5094645358461735,0.49053546415382654,314120,0.5039257627785642,0.49607423722143584,315098,0.501347749666466,0.498652250333534,330551,0.5022390350481212,0.4977609649518788,332286,0.5093736274975784,0.49062637250242164,332422,0.5096539702771206,0.4903460297228794,343641,0.5128948521727404,0.48710514782725955,355956,0.5074908917566141,0.4925091082433859,352428,0.5096228980759765,0.49037710192402345,359611,0.5072613443717274,0.4927386556282726,359231,0.4970363761988844,0.5029636238011156,377747,0.49179877962762997,0.50820122037237,389881,0.4887493529583868,0.5112506470416133,444330,0.4870018144278296,0.5129981855721705,511456,0.4895390203248999,0.5104609796751002,562758,0.49001933225694655,0.5099806677430534,608827,0.49254563789171557,0.5074543621082844,625741
Virginia,0.5077888230014383,0.49221117699856165,1065116,0.5030117920926528,0.49698820790734727,1211405,0.5030678409449288,0.4969321590550711,1239797,0.5049473819708074,0.4950526180291926,1421661,0.5049751991771063,0.4950248008228937,1596318,0.48732944106212805,0.512670558937872,1225163,0.4929302211805774,0.5070697788194226,1512565,0.4977584270341429,0.502241572965857,1655980,0.49935551164285746,0.5006444883571426,1854184,0.5022031303659467,0.49779686963405334,2061612,0.5060187849663107,0.49398121503368936,2309187,0.5021142919196928,0.4978857080803072,2421851,0.5037783262434866,0.4962216737565133,2677773,0.504783829715429,0.495216170284571,3318680,0.49896582991109795,0.501034170088902,3966949,0.4941645616838486,0.5058354383161514,4648494,0.48969499242353115,0.5103050075764688,5346818,0.4903504856192255,0.5096495143807744,6187358,0.4904835265588898,0.5095164734411102,7078515,0.4906850673113841,0.5093149326886158,8001024
Washington,,,0,,,0,,,0,,,0,,,0,,,0,,,0,0.6226909757005066,0.3773090242994934,349390,0.5870994763589479,0.41290052364105206,518103,0.5767677475284372,0.4232322524715628,1141990,0.541566878295412,0.4584331217045881,1356621,0.5285877666311031,0.4714122333688969,1563396,0.5216920258197398,0.4783079741802601,1736191,0.5144472612646771,0.4855527387353229,2378963,0.5029545628193328,0.4970454371806671,2853214,0.4968210728186253,0.5031789271813747,3409169,0.4966673571859339,0.5033326428140661,4132156,0.49597282918253305,0.504027170817467,4866692,0.49783504614174023,0.5021649538582598,5894121,0.4981317681209421,0.5018682318790579,6724540
West Virginia,,,0,,,0,,,0,,,0,,,0,0.5041537145882257,0.4958462854117743,442014,0.5085155475643416,0.4914844524356584,618457,0.5116519007753076,0.48834809922469236,762794,0.520694618272841,0.479305381727159,958800,0.527421160427444,0.472578839572556,1221119,0.5213496472298645,0.47865035277013546,1463701,0.5146127844876692,0.4853872155123308,1729205,0.5092509151018889,0.49074908489811114,1901974,0.5017506402227416,0.4982493597772583,2005552,0.4918429753265524,0.5081570246734476,1860421,0.4842627464043017,0.5157372535956983,1744237,0.48491314311741013,0.5150868568825898,1949644,0.4803719255948083,0.5196280744051917,1793477,0.4861740907703402,0.5138259092296599,1808344,0.4930323573632726,0.5069676426367273,1852994
Wisconsin,,,0,,,0,,,0,0.5393610158780056,0.46063898412199444,305391,0.5251436753832095,0.47485632461679045,775881,0.5166412242692027,0.48335877573079733,1054670,0.5169673515028921,0.4830326484971079,1315497,0.5186800483733283,0.48131995162667174,1686880,0.5159692263375997,0.48403077366240027,2069042,0.5178451149597663,0.4821548850402338,2333860,0.5154572432996577,0.48454275670034236,2632067,0.5140564531001298,0.48594354689987024,2939006,0.5100021130888164,0.4899978869111837,3137587,0.5027818580173675,0.4972181419826325,3434575,0.4971211685274751,0.5028788314725249,3951777,0.490607735056752,0.509392264943248,4417731,0.489915246547481,0.510084753452519,4705767,0.489175797140053,0.510824202859947,4891769,0.49388544235062715,0.5061145576493729,5363675,0.49629100546405425,0.5037089945359458,5686986
Wyoming,,,0,,,0,,,0,,,0,,,0,,,0,,,0,0.6481014743431348,0.3518985256568652,60705,0.6288054814062314,0.37119451859376856,92531,0.6280272668105368,0.3719727331894632,145965,0.5676844888427074,0.4323155111572926,194402,0.5532108261476736,0.44678917385232636,225565,0.5386213717685908,0.4613786282314092,250742,0.5330035900030634,0.46699640999693665,290529,0.5120642538159035,0.4879357461840965,330066,0.5017056940700808,0.49829430592991913,332416,0.5123126691754143,0.4876873308245857,469557,0.5004695891425699,0.4995304108574301,453588,0.5030033496563261,0.4969966503436739,493782,0.5099782479871404,0.4900217520128596,563626
