GISJOIN,GEOGYEAR,STATE,STATEA,CW3AA1990,CW3AA1990L,CW3AA1990U,CW3AA2000,CW3AA2000L,CW3AA2000U,CW3AA2010,CW3AB1990,CW3AB1990L,CW3AB1990U,CW3AB2000,CW3AB2000L,CW3AB2000U,CW3AB2010,CW3AC1990,CW3AC1990L,CW3AC1990U,CW3AC2000,CW3AC2000L,CW3AC2000U,CW3AC2010,CW3AD1990,CW3AD1990L,CW3AD1990U,CW3AD2000,CW3AD2000L,CW3AD2000U,CW3AD2010,CW3AE1990,CW3AE1990L,CW3AE1990U,CW3AE2000,CW3AE2000L,CW3AE2000U,CW3AE2010,CW3AF1990,CW3AF1990L,CW3AF1990U,CW3AF2000,CW3AF2000L,CW3AF2000U,CW3AF2010,CW3AG1990,CW3AG1990L,CW3AG1990U,CW3AG2000,CW3AG2000L,CW3AG2000U,CW3AG2010,CW3AH1990,CW3AH1990L,CW3AH1990U,CW3AH2000,CW3AH2000L,CW3AH2000U,CW3AH2010,CW3AI1990,CW3AI1990L,CW3AI1990U,CW3AI2000,CW3AI2000L,CW3AI2000U,CW3AI2010,CW3AJ1990,CW3AJ1990L,CW3AJ1990U,CW3AJ2000,CW3AJ2000L,CW3AJ2000U,CW3AJ2010,CW3AK1990,CW3AK1990L,CW3AK1990U,CW3AK2000,CW3AK2000L,CW3AK2000U,CW3AK2010,CW3AL1990,CW3AL1990L,CW3AL1990U,CW3AL2000,CW3AL2000L,CW3AL2000U,CW3AL2010,CW3AM1990,CW3AM1990L,CW3AM1990U,CW3AM2000,CW3AM2000L,CW3AM2000U,CW3AM2010,CW3AN1990,CW3AN1990L,CW3AN1990U,CW3AN2000,CW3AN2000L,CW3AN2000U,CW3AN2010,CW3AO1990,CW3AO1990L,CW3AO1990U,CW3AO2000,CW3AO2000L,CW3AO2000U,CW3AO2010,CW3AP1990,CW3AP1990L,CW3AP1990U,CW3AP2000,CW3AP2000L,CW3AP2000U,CW3AP2010,CW3AQ1990,CW3AQ1990L,CW3AQ1990U,CW3AQ2000,CW3AQ2000L,CW3AQ2000U,CW3AQ2010,CW3AR1990,CW3AR1990L,CW3AR1990U,CW3AR2000,CW3AR2000L,CW3AR2000U,CW3AR2010,CW3AS1990,CW3AS1990L,CW3AS1990U,CW3AS2000,CW3AS2000L,CW3AS2000U,CW3AS2010,CW3AT1990,CW3AT1990L,CW3AT1990U,CW3AT2000,CW3AT2000L,CW3AT2000U,CW3AT2010,CW3AU1990,CW3AU1990L,CW3AU1990U,CW3AU2000,CW3AU2000L,CW3AU2000U,CW3AU2010,CW3AV1990,CW3AV1990L,CW3AV1990U,CW3AV2000,CW3AV2000L,CW3AV2000U,CW3AV2010
GIS Join Match Code,Geography Year,State Name,State Code,1990: Persons: Under 5 years,Lower bound: 1990: Persons: Under 5 years,Upper bound: 1990: Persons: Under 5 years,2000: Persons: Under 5 years,Lower bound: 2000: Persons: Under 5 years,Upper bound: 2000: Persons: Under 5 years,2010: Persons: Under 5 years,1990: Persons: 5 to 9 years,Lower bound: 1990: Persons: 5 to 9 years,Upper bound: 1990: Persons: 5 to 9 years,2000: Persons: 5 to 9 years,Lower bound: 2000: Persons: 5 to 9 years,Upper bound: 2000: Persons: 5 to 9 years,2010: Persons: 5 to 9 years,1990: Persons: 10 to 14 years,Lower bound: 1990: Persons: 10 to 14 years,Upper bound: 1990: Persons: 10 to 14 years,2000: Persons: 10 to 14 years,Lower bound: 2000: Persons: 10 to 14 years,Upper bound: 2000: Persons: 10 to 14 years,2010: Persons: 10 to 14 years,1990: Persons: 15 to 17 years,Lower bound: 1990: Persons: 15 to 17 years,Upper bound: 1990: Persons: 15 to 17 years,2000: Persons: 15 to 17 years,Lower bound: 2000: Persons: 15 to 17 years,Upper bound: 2000: Persons: 15 to 17 years,2010: Persons: 15 to 17 years,1990: Persons: 18 and 19 years,Lower bound: 1990: Persons: 18 and 19 years,Upper bound: 1990: Persons: 18 and 19 years,2000: Persons: 18 and 19 years,Lower bound: 2000: Persons: 18 and 19 years,Upper bound: 2000: Persons: 18 and 19 years,2010: Persons: 18 and 19 years,1990: Persons: 20 years,Lower bound: 1990: Persons: 20 years,Upper bound: 1990: Persons: 20 years,2000: Persons: 20 years,Lower bound: 2000: Persons: 20 years,Upper bound: 2000: Persons: 20 years,2010: Persons: 20 years,1990: Persons: 21 years,Lower bound: 1990: Persons: 21 years,Upper bound: 1990: Persons: 21 years,2000: Persons: 21 years,Lower bound: 2000: Persons: 21 years,Upper bound: 2000: Persons: 21 years,2010: Persons: 21 years,1990: Persons: 22 to 24 years,Lower bound: 1990: Persons: 22 to 24 years,Upper bound: 1990: Persons: 22 to 24 years,2000: Persons: 22 to 24 years,Lower bound: 2000: Persons: 22 to 24 years,Upper bound: 2000: Persons: 22 to 24 years,2010: Persons: 22 to 24 years,1990: Persons: 25 to 29 years,Lower bound: 1990: Persons: 25 to 29 years,Upper bound: 1990: Persons: 25 to 29 years,2000: Persons: 25 to 29 years,Lower bound: 2000: Persons: 25 to 29 years,Upper bound: 2000: Persons: 25 to 29 years,2010: Persons: 25 to 29 years,1990: Persons: 30 to 34 years,Lower bound: 1990: Persons: 30 to 34 years,Upper bound: 1990: Persons: 30 to 34 years,2000: Persons: 30 to 34 years,Lower bound: 2000: Persons: 30 to 34 years,Upper bound: 2000: Persons: 30 to 34 years,2010: Persons: 30 to 34 years,1990: Persons: 35 to 39 years,Lower bound: 1990: Persons: 35 to 39 years,Upper bound: 1990: Persons: 35 to 39 years,2000: Persons: 35 to 39 years,Lower bound: 2000: Persons: 35 to 39 years,Upper bound: 2000: Persons: 35 to 39 years,2010: Persons: 35 to 39 years,1990: Persons: 40 to 44 years,Lower bound: 1990: Persons: 40 to 44 years,Upper bound: 1990: Persons: 40 to 44 years,2000: Persons: 40 to 44 years,Lower bound: 2000: Persons: 40 to 44 years,Upper bound: 2000: Persons: 40 to 44 years,2010: Persons: 40 to 44 years,1990: Persons: 45 to 49 years,Lower bound: 1990: Persons: 45 to 49 years,Upper bound: 1990: Persons: 45 to 49 years,2000: Persons: 45 to 49 years,Lower bound: 2000: Persons: 45 to 49 years,Upper bound: 2000: Persons: 45 to 49 years,2010: Persons: 45 to 49 years,1990: Persons: 50 to 54 years,Lower bound: 1990: Persons: 50 to 54 years,Upper bound: 1990: Persons: 50 to 54 years,2000: Persons: 50 to 54 years,Lower bound: 2000: Persons: 50 to 54 years,Upper bound: 2000: Persons: 50 to 54 years,2010: Persons: 50 to 54 years,1990: Persons: 55 to 59 years,Lower bound: 1990: Persons: 55 to 59 years,Upper bound: 1990: Persons: 55 to 59 years,2000: Persons: 55 to 59 years,Lower bound: 2000: Persons: 55 to 59 years,Upper bound: 2000: Persons: 55 to 59 years,2010: Persons: 55 to 59 years,1990: Persons: 60 and 61 years,Lower bound: 1990: Persons: 60 and 61 years,Upper bound: 1990: Persons: 60 and 61 years,2000: Persons: 60 and 61 years,Lower bound: 2000: Persons: 60 and 61 years,Upper bound: 2000: Persons: 60 and 61 years,2010: Persons: 60 and 61 years,1990: Persons: 62 to 64 years,Lower bound: 1990: Persons: 62 to 64 years,Upper bound: 1990: Persons: 62 to 64 years,2000: Persons: 62 to 64 years,Lower bound: 2000: Persons: 62 to 64 years,Upper bound: 2000: Persons: 62 to 64 years,2010: Persons: 62 to 64 years,1990: Persons: 65 to 69 years,Lower bound: 1990: Persons: 65 to 69 years,Upper bound: 1990: Persons: 65 to 69 years,2000: Persons: 65 to 69 years,Lower bound: 2000: Persons: 65 to 69 years,Upper bound: 2000: Persons: 65 to 69 years,2010: Persons: 65 to 69 years,1990: Persons: 70 to 74 years,Lower bound: 1990: Persons: 70 to 74 years,Upper bound: 1990: Persons: 70 to 74 years,2000: Persons: 70 to 74 years,Lower bound: 2000: Persons: 70 to 74 years,Upper bound: 2000: Persons: 70 to 74 years,2010: Persons: 70 to 74 years,1990: Persons: 75 to 79 years,Lower bound: 1990: Persons: 75 to 79 years,Upper bound: 1990: Persons: 75 to 79 years,2000: Persons: 75 to 79 years,Lower bound: 2000: Persons: 75 to 79 years,Upper bound: 2000: Persons: 75 to 79 years,2010: Persons: 75 to 79 years,1990: Persons: 80 to 84 years,Lower bound: 1990: Persons: 80 to 84 years,Upper bound: 1990: Persons: 80 to 84 years,2000: Persons: 80 to 84 years,Lower bound: 2000: Persons: 80 to 84 years,Upper bound: 2000: Persons: 80 to 84 years,2010: Persons: 80 to 84 years,1990: Persons: 85 years and over,Lower bound: 1990: Persons: 85 years and over,Upper bound: 1990: Persons: 85 years and over,2000: Persons: 85 years and over,Lower bound: 2000: Persons: 85 years and over,Upper bound: 2000: Persons: 85 years and over,2010: Persons: 85 years and over
"G010","2010","Alabama","01",283294.99,283287,283295,295992.00,295992,295992,304957,293587.06,293580,293588,315344.99,315343,315345,308229,299413.06,299400,299414,320252.07,320252,320253,319655,182493.13,182486,182495,191833.06,191831,191834,199618,137933.06,137926,137934,132747.00,132747,132747,143853,67624.00,67622,67624,66614.07,66614,66615,72318,62666.00,62666,62666,63146.00,63146,63146,68473,175111.99,175110,175112,177105.07,177105,177106,194531,319562.12,319553,319564,301195.99,301194,301196,311034,328918.40,328911,328924,301819.07,301819,301820,297888,305847.33,305837,305852,340300.07,340300,340301,308430,277740.46,277731,277747,345212.20,345211,345215,311071,224862.13,224852,224864,315173.07,315173,315174,346369,194559.47,194555,194566,285036.24,285030,285040,347485,183677.26,183675,183681,225450.26,225448,225454,311906,71033.12,71026,71035,78966.20,78966,78969,116144,109277.06,109273,109278,111116.33,111116,111121,159983,168309.12,168300,168311,167968.06,167967,167969,209637,132909.07,132908,132910,148780.19,148778,148783,160864,105570.99,105568,105571,118108.06,118107,118109,122836,67693.06,67692,67694,77641.00,77641,77641,88771,48507.00,48503,48507,67301.00,67301,67301,75684
"G020","2010","Alaska","02",54897.00,54897,54897,47591.00,47591,47591,53996,51736.00,51736,51736,53771.00,53771,53771,50887,43179.00,43179,43179,56661.00,56661,56661,50816,22532.00,22532,22532,32694.00,32694,32694,31679,14619.00,14619,14619,17400.00,17400,17400,20462,8315.00,8315,8315,8341.00,8341,8341,10628,8050.00,8050,8050,7927.00,7927,7927,10577,24863.00,24863,24863,23624.00,23624,23624,33214,53341.00,53341,53341,42987.00,42987,42987,55419,59624.00,59624,59624,46486.00,46486,46486,47706,57768.00,57768,57768,55723.00,55723,55723,45833,45329.00,45329,45329,58326.00,58326,58326,47141,32117.00,32117,32117,53515.00,53515,53515,54726,21812.00,21812,21812,41437.00,41437,41437,56300,16595.00,16595,16595,27423.00,27423,27423,49971,5689.00,5689,5689,7726.00,7726,7726,16471,7208.00,7208,7208,9601.00,9601,9601,19467,9626.00,9626,9626,12626.00,12626,12626,22202,5922.00,5922,5922,9881.00,9881,9881,13148,3639.00,3639,3639,6863.00,6863,6863,8892,1931.00,1931,1931,3695.00,3695,3695,5985,1251.00,1251,1251,2634.00,2634,2634,4711
"G040","2010","Arizona","04",292859.00,292852,292859,382386.00,382379,382386,455715,281733.00,281731,281733,389869.00,389864,389869,453680,258364.00,258362,258364,378211.00,378210,378211,448664,148163.00,148160,148163,216481.00,216480,216481,270955,112759.00,112758,112759,151241.00,151239,151241,190627,59304.00,59304,59304,76165.00,76165,76165,93756,55863.00,55863,55863,71929.00,71928,71929,89342,164754.00,164751,164754,214766.00,214763,214766,259486,318048.00,318046,318048,374106.00,374099,374106,439998,316851.00,316849,316851,368559.00,368556,368559,416695,282765.00,282764,282765,392687.00,392685,392687,415693,245943.00,245942,245943,376117.00,376116,376117,406801,192571.00,192570,192571,331903.00,331902,331903,427022,156945.00,156945,156945,296001.00,296000,296001,415524,146658.00,146657,146658,238675.00,238673,238675,375268,59996.00,59994,59996,84016.00,84016,84016,144092,92878.00,92878,92878,119681.00,119681,119681,206868,160163.00,160162,160163,189007.00,189006,189007,282866,129881.00,129880,129881,174834.00,174834,174834,215026,94769.00,94769,94769,144201.00,144201,144201,162261,56244.00,56242,56244,91272.00,91272,91272,118278,37717.00,37717,37717,68525.00,68525,68525,103400
"G050","2010","Arkansas","05",164666.98,164653,164676,181585.00,181583,181594,197689,175050.70,175029,175066,187224.00,187219,187234,196877,176096.83,176068,176109,192934.95,192921,192944,197559,105315.86,105300,105322,118625.08,118619,118630,119350,74306.00,74294,74307,80140.00,80133,80142,84455,35573.00,35571,35574,39532.00,39531,39532,42770,33349.00,33347,33350,37020.14,37017,37022,40770,93828.00,93823,93836,105046.00,105042,105049,116110,179035.85,179019,179047,176674.00,176666,176676,192153,180009.85,179991,180024,176171.00,176163,176181,183739,169648.96,169628,169663,200340.08,200335,200347,183614,157053.98,157035,157066,197786.95,197773,197795,182594,132084.98,132065,132094,181913.13,181896,181920,205544,111251.68,111230,111256,167606.00,167598,167617,201722,105810.96,105789,105818,139393.04,139380,139401,183960,41795.00,41789,41797,48820.90,48814,48824,69489,65789.00,65779,65797,68568.79,68562,68569,97542,106652.01,106619,106662,105175.00,105170,105176,133367,89311.46,89295,89320,93158.75,93150,93164,101235,71560.14,71552,71570,76516.75,76508,76520,77741,47320.98,47320,47322,52676.53,52670,52680,56236,35216.00,35211,35218,46492.00,46490,46496,51402
"G060","2010","California","06",2397715.00,2397715,2397715,2486981.00,2486981,2486981,2531333,2223982.00,2223982,2223982,2725880.00,2725880,2725880,2505839,1977343.00,1977343,1977343,2570822.00,2570822,2570822,2590930,1151685.00,1151685,1151685,1466146.00,1466146,1466146,1666938,901463.00,901463,901463,984742.00,984742,984742,1157002,509737.00,509737,509737,490829.00,490829,490829,573642,495714.00,495714,495714,470556.00,470556,470556,555775,1505343.00,1505343,1505343,1419903.00,1419903,1419903,1636532,2854057.00,2854057,2854057,2543541.00,2543541,2543541,2744409,2832314.00,2832314,2832314,2685521.00,2685521,2685521,2573468,2500949.00,2500949,2500949,2814743.00,2814743,2814743,2573579,2138372.00,2138372,2138372,2670598.00,2670598,2670598,2609131,1620528.00,1620528,1620528,2331792.00,2331792,2331792,2689819,1282041.00,1282041,1282041,1999843.00,1999843,1999843,2562552,1133907.00,1133907,1133907,1467252.00,1467252,1467252,2204296,443446.00,443446,443446,488645.00,488645,488645,786276,655873.00,655873,655873,658196.00,658196,658196,1045921,1055174.00,1055174,1055174,984535.00,984535,984535,1303558,802047.00,802047,802047,903288.00,903288,903288,971778,601809.00,601809,601809,779347.00,779347,779347,766971,377415.00,377415,377415,502831.00,502831,502831,603239,299107.00,299107,299107,425657.00,425657,425657,600968
"G080","2010","Colorado","08",252893.00,252887,252900,297505.00,297502,297505,343960,253197.00,253188,253202,308428.00,308427,308428,348603,227289.00,227286,227296,311497.00,311496,311497,332654,127887.00,127883,127891,183365.00,183364,183365,200392,97075.00,97075,97076,123873.00,123872,123873,139083,51122.00,51120,51123,62281.00,62281,62281,69437,48916.00,48914,48916,60239.00,60239,60239,67385,138412.00,138410,138413,183718.00,183717,183718,211793,289598.00,289593,289601,331795.00,331795,331795,372459,322251.00,322245,322255,332232.00,332229,332232,353819,306058.00,306054,306064,366092.00,366091,366092,353605,262029.00,262026,262034,370731.00,370730,370731,346039,190203.00,190199,190206,334855.00,334855,334855,371635,146468.00,146464,146468,279270.00,279270,279270,371063,130193.00,130189,130195,194722.00,194722,194722,328364,49657.00,49653,49658,61959.00,61959,61959,115654,71703.00,71699,71708,82626.00,82626,82626,153626,111246.00,111242,111252,121222.00,121220,121222,182492,83281.00,83279,83284,105088.00,105088,105088,127468,61855.00,61855,61860,85922.00,85921,85922,96908,40108.00,40107,40108,55625.00,55625,55625,73144,32953.00,32951,32954,48216.00,48216,48216,69613
"G090","2010","Connecticut","09",228356.01,228356,228358,223344.03,223344,223352,202106,209005.05,209005,209021,244144.04,244144,244156,222571,194372.02,194372,194379,241587.05,241587,241601,240265,117848.02,117848,117854,132613.01,132613,132617,152073,93732.01,93732,93735,84014.02,84014,84019,98761,51542.01,51542,51546,40402.00,40402,40402,48139,49900.00,49900,49901,38804.00,38804,38805,46335,150259.01,150259,150262,108365.00,108365,108366,133424,287691.02,287691,287696,201467.03,201467,201477,214145,296191.02,296191,296196,250173.03,250173,250183,206232,265767.05,265767,265783,290866.04,290866,290877,222401,245229.03,245229,245237,290183.04,290183,290196,262037,200239.01,200239,200243,252754.03,252754,252763,291272,155803.02,155803,155809,228053.03,228053,228062,284325,147022.01,147022,147024,176961.05,176961,176975,240157,59475.00,59475,59475,56131.01,56131,56134,84356,88778.01,88778,88781,75521.01,75521,75523,118939,140359.01,140359,140362,117556.01,117556,117558,149281,115878.01,115878,115881,114009.01,114009,114011,105663,87354.01,87354,87356,101096.01,101096,101100,89252,55323.00,55323,55324,73249.01,73249,73251,77465,46993.00,46993,46994,64273.00,64273,64273,84898
"G100","2010","Delaware","10",48824.00,48824,48824,51531.00,51531,51531,55886,46949.00,46949,46949,55813.00,55813,55813,56486,43055.00,43055,43055,55274.00,55274,55274,56848,24513.00,24513,24513,31969.00,31969,31969,36545,21793.00,21793,21793,23663.00,23663,23663,28038,11793.00,11793,11793,11681.00,11681,11681,14041,11056.00,11056,11056,10917.00,10917,10917,13372,31591.00,31591,31591,29067.00,29067,29067,35454,59286.00,59286,59286,51219.00,51219,51219,57603,59829.00,59829,59829,57621.00,57621,57621,53814,52283.00,52283,52283,64654.00,64654,64654,55329,46583.00,46583,46583,62947.00,62947,62947,60758,37488.00,37488,37488,54775.00,54775,54775,67556,30626.00,30626,30626,49224.00,49224,49224,65998,29861.00,29861,29861,39320.00,39320,39320,57816,11980.00,11980,11980,13481.00,13481,13481,21688,17923.00,17923,17923,18718.00,18718,18718,31425,28474.00,28474,28474,29952.00,29952,29952,41809,21122.00,21122,21122,26463.00,26463,26463,30644,14814.00,14814,14814,21248.00,21248,21248,23885,9183.00,9183,9183,13514.00,13514,13514,17195,7142.00,7142,7142,10549.00,10549,10549,15744
"G110","2010","District Of Columbia","11",37351.00,37351,37351,32536.00,32536,32536,32613,31997.00,31997,31997,35385.00,35385,35385,26147,29318.00,29318,29318,30018.00,30018,30018,25041,18426.00,18426,18426,17053.00,17053,17053,17014,22851.00,22851,22851,20814.00,20814,20814,22905,12440.00,12440,12440,11024.00,11024,11024,12516,11572.00,11572,11572,10314.00,10314,10314,11777,35695.00,35695,35695,30485.00,30485,30485,39817,63129.00,63129,63129,52849.00,52849,52849,69649,58147.00,58147,58147,48913.00,48913,48913,55096,51399.00,51399,51399,45949.00,45949,45949,42925,43797.00,43797,43797,41728.00,41728,41728,37734,33872.00,33872,33872,39397.00,39397,39397,38539,28159.00,28159,28159,35913.00,35913,35913,37164,25441.00,25441,25441,27803.00,27803,27803,34274,10409.00,10409,10409,9536.00,9536,9536,12871,15050.00,15050,15050,12444.00,12444,12444,16832,24841.00,24841,24841,18525.00,18525,18525,21488,19712.00,19712,19712,17394.00,17394,17394,15481,15662.00,15662,15662,14976.00,14976,14976,11820,9785.00,9785,9785,10028.00,10028,10028,9705,7847.00,7847,7847,8975.00,8975,8975,10315
"G120","2010","Florida","12",849596.01,849596,849598,945823.00,945823,945823,1073506,814118.01,814118,814122,1031718.01,1031718,1031720,1080255,748355.01,748355,748359,1057024.00,1057024,1057024,1130847,454168.00,454168,454169,611775.01,611775,611777,717483,345111.01,345111,345113,402292.00,402292,402292,510899,177644.00,177644,177645,197368.00,197368,197368,258030,169269.00,169269,169269,184910.00,184910,184910,248602,523633.01,523633,523634,546032.00,546032,546032,722126,1052106.01,1052106,1052109,995358.01,995358,995360,1179227,1064138.01,1064138,1064140,1088742.00,1088742,1088742,1110318,957428.01,957428,957430,1261040.00,1261040,1261040,1178467,853728.01,853728,853733,1224207.00,1224207,1224208,1252787,697323.01,697323,697326,1085400.00,1085400,1085400,1401202,594288.00,594288,594288,984079.02,984079,984085,1340291,588552.01,588552,588554,821517.01,821517,821519,1202418,257504.02,257504,257507,299287.00,299287,299287,458751,421534.01,421534,421536,438209.00,438209,438209,676499,741225.01,741225,741229,727495.00,727495,727496,959233,628427.00,628427,628427,724681.01,724681,724683,768707,485393.01,485393,485396,616693.00,616693,616694,615514,304276.00,304276,304277,407441.00,407441,407441,482023,210110.00,210110,210111,331287.00,331287,331287,434125
"G130","2010","Georgia","13",495535.00,495532,495535,595150.00,595144,595152,686785,483951.92,483945,483952,615583.95,615580,615586,695161,466613.93,466608,466614,607758.88,607755,607759,689684,281201.81,281197,281203,350740.70,350737,350744,419922,215949.93,215946,215950,245536.00,245536,245536,290077,109209.00,109209,109209,125147.93,125147,125148,143471,103346.99,103346,103347,117767.00,117767,117767,137251,310077.99,310076,310078,349280.93,349280,349281,399358,589951.87,589947,589952,641750.00,641744,641751,673935,584943.35,584934,584944,657505.93,657503,657510,661625,531618.67,531607,531621,698734.69,698730,698738,698059,484078.27,484062,484079,654772.80,654769,654780,699481,374917.87,374913,374919,573016.93,573013,573021,722661,294032.53,294024,294034,506974.47,506966,506978,668591,259734.68,259727,259735,375650.73,375645,375655,573551,96498.87,96495,96499,122258.80,122256,122259,209870,142279.82,142273,142281,163545.67,163540,163547,286136,218077.63,218064,218079,236633.93,236631,236634,356007,169972.81,169965,169973,199060.30,199054,199061,250422,128525.78,128520,128528,157568.93,157564,157569,182735,80448.93,80448,80449,104153.87,104151,104154,129048,57243.91,57242,57244,87856.94,87854,87857,113823
"G150","2010","Hawaii","15",83223.00,83223,83223,78163.00,78163,78163,87407,80907.00,80907,80907,84980.00,84980,84980,83361,73896.00,73896,73896,83106.00,83106,83106,81539,42100.00,42100,42100,49518.00,49518,49518,51511,30391.00,30391,30391,31484.00,31484,31484,34483,18158.00,18158,18158,16957.00,16957,16957,18488,18013.00,18013,18013,17015.00,17015,17015,18853,54623.00,54623,54623,49437.00,49437,49437,58488,100178.00,100178,100178,84000.00,84000,84000,97302,100518.00,100518,100518,87159.00,87159,87159,88031,95782.00,95782,95782,95935.00,95935,95935,86756,82557.00,82557,82557,95242.00,95242,95242,89617,61963.00,61963,61963,90404.00,90404,90404,95787,46812.00,46812,46812,80575.00,80575,80575,97978,45375.00,45375,45375,60561.00,60561,60561,93340,19275.00,19275,19275,19566.00,19566,19566,35376,29453.00,29453,29453,26834.00,26834,26834,46846,45584.00,45584,45584,42847.00,42847,42847,59170,33069.00,33069,33069,42415.00,42415,42415,41353,22694.00,22694,22694,35386.00,35386,35386,34675,13261.00,13261,13261,22389.00,22389,22389,29702,10397.00,10397,10397,17564.00,17564,17564,30238
"G160","2010","Idaho","16",80193.14,80162,80205,97643.27,97639,97656,121772,90043.11,90012,90054,100756.19,100738,100774,121195,90186.13,90160,90194,104608.28,104585,104620,116955,47983.00,47967,47985,66023.05,66008,66028,69150,32454.99,32447,32455,44835.09,44831,44840,46209,14609.01,14607,14611,19868.01,19867,19870,22204,13491.01,13491,13493,19396.00,19393,19397,21776,37692.01,37682,37694,54730.00,54725,54732,64229,72067.10,72051,72076,85128.04,85128,85132,106734,80733.07,80709,80740,84305.08,84302,84317,102231,79894.03,79883,79897,94913.21,94895,94928,96845,69274.00,69254,69278,98055.10,98036,98062,94764,54547.00,54530,54550,92172.03,92165,92175,103560,44360.00,44347,44364,78076.00,78065,78082,104977,39407.00,39399,39411,60024.00,60017,60028,96997,15287.00,15281,15289,20324.01,20320,20326,35125,23263.06,23254,23271,27180.87,27176,27186,48191,37986.00,37978,37987,40169.86,40165,40175,63428,31769.01,31760,31772,35802.02,35797,35805,46106,24529.00,24518,24529,30443.00,30439,30446,34278,15583.01,15580,15584,21446.01,21443,21447,25614,11398.04,11394,11399,18057.00,18056,18057,25242
"G170","2010","Illinois","17",848140.95,848137,848141,876548.99,876548,876549,835577,836618.99,836618,836619,929857.92,929851,929858,859405,796467.95,796464,796468,905096.91,905091,905097,879448,465137.91,465133,465138,533946.99,533946,533947,554749,352862.95,352860,352863,360055.00,360055,360055,367343,179107.99,179107,179108,179332.00,179332,179332,179613,169098.97,169098,169099,167603.00,167603,167603,172795,511879.97,511879,511880,503908.00,503908,503908,526556,984089.79,984081,984090,891758.93,891754,891759,910273,1009094.94,1009091,1009095,919914.95,919912,919915,865684,906928.98,906927,906929,996885.95,996883,996886,855790,793214.91,793207,793215,986983.98,986982,986984,870100,636486.99,636486,636487,873812.00,873812,873812,940094,530239.94,530238,530240,752930.00,752930,752930,930785,485580.97,485580,485581,577747.00,577747,577747,807778,195754.97,195754,195755,195386.00,195386,195386,284180,293349.00,293349,293349,267499.94,267498,267500,381249,455751.98,455750,455752,397442.97,397442,397443,485060,366187.99,366187,366188,374803.97,374803,374804,364475,284279.99,284279,284280,316947.99,316947,316948,289385,182775.94,182774,182776,218798.92,218795,218799,235381,147548.99,147548,147549,192030.98,192029,192031,234912
"G180","2010","Indiana","18",398656.00,398652,398656,423215.60,423215,423217,434075,410465.37,410449,410469,443273.02,443273,443274,444821,406514.17,406506,406515,443416.03,443416,443417,452171,240333.23,240327,240336,264492.58,264492,264493,277231,187248.20,187244,187250,188991.75,188990,188993,198284,92617.00,92616,92617,95673.00,95673,95673,98994,86806.03,86803,86807,89190.00,89190,89190,94313,238212.03,238211,238213,240868.00,240868,240868,258719,448077.42,448072,448088,409035.65,409035,409039,419530,467034.78,467024,467037,422090.61,422090,422092,407815,433964.20,433956,433967,478207.61,478207,478209,417011,385199.75,385179,385201,482497.75,482496,482499,423819,311088.60,311082,311090,437123.17,437122,437124,473946,259705.98,259694,259710,379745.34,379743,379747,472822,239693.78,239681,239696,294169.58,294169,294170,418515,96812.03,96811,96813,99819.75,99818,99821,150022,145552.00,145550,145552,135858.23,135857,135861,200606,225935.58,225933,225936,203738.78,203737,203741,259057,176106.58,176102,176107,191656.03,191656,191657,193278,134740.58,134735,134741,159833.00,159833,159833,151843,87665.23,87663,87668,106047.64,106047,106050,121658,71751.00,71751,71751,91558.58,91558,91559,115272
"G190","2010","Iowa","19",193203.00,193202,193206,188413.00,188413,188417,202123,209338.00,209338,209339,202603.00,202603,202604,200646,204217.00,204216,204218,210547.00,210547,210552,200904,112122.00,112122,112123,132075.00,132075,132075,124320,87294.00,87292,87296,94345.00,94345,94345,92517,44005.00,44005,44005,47185.00,47184,47185,47227,41228.00,41228,41229,43184.00,43183,43184,44695,111186.00,111181,111189,113294.00,113294,113294,121428,206616.00,206613,206619,177259.00,177259,177260,197843,222003.00,222003,222006,185801.00,185801,185808,184740,212120.00,212117,212122,217897.00,217897,217901,177148,183201.00,183199,183201,227302.00,227300,227305,187400,146052.00,146049,146053,212663.00,212659,212665,216482,128376.00,128375,128382,180131.00,180130,180133,223244,122335.00,122335,122337,139052.00,139050,139054,204393,50049.00,50049,50049,48874.00,48874,48874,72152,77304.00,77304,77305,69486.00,69486,69488,96205,122454.00,122452,122457,107373.00,107373,107373,124365,104507.00,104506,104507,104562.00,104561,104562,100291,84486.00,84486,84487,91505.00,91505,91508,83387,59404.00,59404,59405,67655.00,67655,67655,70187,55255.00,55255,55255,65118.00,65118,65118,74658
"G200","2010","Kansas","20",188390.00,188390,188390,188707.84,188705,188708,205492,195981.00,195979,195981,195574.00,195572,195574,202447,179473.00,179472,179473,204017.90,204015,204018,198884,97770.00,97770,97770,124693.00,124692,124693,120116,74406.00,74405,74406,85425.00,85425,85425,83705,39311.00,39311,39311,42487.00,42487,42487,42758,36994.00,36993,36994,39084.95,39084,39085,40931,103782.00,103782,103782,108595.00,108595,108595,120765,201424.00,201422,201424,172974.79,172970,172975,197783,211749.00,211748,211749,175877.95,175877,175878,179937,195812.00,195811,195812,207548.84,207543,207549,172388,165514.00,165513,165514,212802.00,212801,212802,174285,128598.00,128597,128598,192679.00,192679,192679,201830,106790.00,106790,106790,161468.00,161468,161468,204434,103820.90,103818,103821,121645.00,121645,121645,182512,41529.00,41529,41530,41252.00,41252,41252,63661,63659.00,63659,63660,57356.00,57356,57356,85074,101421.00,101420,101421,90085.00,90085,90085,107755,83243.00,83242,83243,85831.00,85831,85831,82634,67620.00,67619,67620,75125.00,75125,75125,69466,48046.00,48046,48046,53418.00,53418,53418,56943,42241.00,42241,42242,51770.00,51770,51770,59318
"G210","2010","Kentucky","21",250871.07,250826,250915,265901.38,265863,265947,282367,265457.04,265376,265507,279258.29,279217,279333,282888,275287.05,275206,275351,279481.15,279440,279534,284154,162479.07,162429,162500,170179.21,170123,170216,173962,122682.00,122643,122698,118826.39,118810,118851,122833,59496.10,59478,59506,60868.00,60861,60877,61268,56482.01,56472,56487,57540.06,57532,57547,58657,161329.03,161290,161353,164624.05,164605,164664,170043,301293.98,301228,301339,281134.53,281081,281186,285296,308826.07,308752,308895,286974.35,286931,287041,280920,288610.05,288525,288660,321931.92,321861,322011,285411,260454.10,260371,260504,320734.59,320677,320824,291251,206883.02,206807,206918,293976.55,293915,294047,323642,175483.12,175429,175522,262956.05,262880,263013,319455,162821.32,162767,162860,204483.36,204429,204526,288027,63785.02,63758,63799,71143.12,71124,71164,106469,96214.01,96186,96223,96969.39,96944,96989,144497,150972.02,150916,150996,144671.28,144634,144705,185664,117254.01,117228,117278,129272.13,129229,129294,139650,92163.00,92124,92177,104760.01,104730,104771,105392,60089.00,60061,60100,67829.00,67814,67844,78313,46367.01,46353,46373,58261.00,58249,58265,69208
"G220","2010","Louisiana","22",334650.00,334647,334651,317392.00,317392,317392,314260,358365.00,358358,358366,336780.00,336780,336780,306362,342455.00,342452,342456,347912.00,347912,347915,306836,191799.00,191799,191803,217715.00,217715,217717,190557,140341.00,140341,140345,148230.00,148230,148231,136222,69669.00,69669,69670,71946.00,71946,71947,68251,65667.00,65667,65667,67101.00,67101,67103,67763,188834.00,188834,188835,186524.00,186524,186525,202295,345375.00,345373,345375,296161.00,296161,296162,332925,358547.00,358543,358548,305001.00,305001,305004,295508,326787.00,326783,326788,343128.00,343128,343131,276479,279149.00,279148,279155,348838.00,348838,348839,288120,221362.00,221360,221364,315768.00,315768,315771,325046,185078.00,185078,185085,270503.00,270503,270506,329329,171927.00,171924,171929,208761.00,208761,208765,292567,67728.00,67727,67728,71817.00,71817,71818,103687,103249.00,103247,103253,98470.00,98470,98473,139308,155859.00,155858,155865,148004.00,148004,148007,178365,119149.00,119145,119154,134921.00,134921,134925,133629,91394.00,91389,91395,106823.00,106823,106828,102876,58956.00,58956,58956,68505.00,68505,68508,77301,43633.00,43633,43635,58676.00,58676,58677,65686
"G230","2010","Maine","23",85722.00,85722,85722,70726.00,70726,70726,69520,88506.00,88506,88506,83022.00,83022,83022,74116,84579.00,84579,84579,92252.00,92252,92252,79013,50195.00,50195,50195,55238.00,55238,55238,51884,37732.00,37732,37732,34247.00,34247,34247,36426,18500.00,18500,18500,15330.00,15330,15330,17408,17334.00,17334,17334,14805.00,14805,14805,16566,50206.00,50206,50206,39521.00,39521,39521,45672,98773.00,98773,98773,71951.00,71951,71951,72681,106462.00,106462,106462,85666.00,85666,85666,71943,101866.00,101866,101866,104149.00,104149,104149,79905,91479.00,91479,91479,108831.00,108831,108831,91471,69043.00,69043,69043,101921.00,101921,101921,107619,55708.00,55708,55708,90675.00,90675,90675,110956,54216.00,54216,54216,68490.00,68490,68490,102441,21622.00,21622,21622,22367.00,22367,22367,37823,32612.00,32612,32612,32330.00,32330,32330,51837,50835.00,50835,50835,50100.00,50100,50100,65014,40765.00,40765,40765,46096.00,46096,46096,47637,31701.00,31701,31701,38098.00,38098,38098,38894,21846.00,21846,21846,25792.00,25792,25792,30399,18226.00,18226,18226,23316.00,23316,23316,29136
"G240","2010","Maryland","24",357818.01,357818,357823,353393.01,353393,353395,364488,332373.01,332373,332378,391318.00,391317,391321,366868,297164.01,297164,297169,392135.00,392134,392135,379029,174886.00,174886,174890,219326.00,219325,219326,242579,135764.00,135764,135765,136793.00,136793,136793,163662,72647.00,72647,72648,66616.00,66616,66616,81013,71101.00,71101,71101,62571.00,62571,62571,77465,225861.00,225859,225862,184942.00,184942,184943,235220,449196.01,449196,449202,342870.01,342869,342872,393548,450902.02,450900,450911,405651.00,405650,405652,368494,406998.01,406997,407004,464788.00,464788,464793,377409,370008.01,370008,370015,451368.00,451368,451370,418163,293234.00,293234,293239,399390.02,399390,399394,461585,228567.00,228567,228570,355642.02,355642,355648,440619,202170.00,202170,202173,268647.01,268647,268650,377989,79094.00,79094,79094,86667.00,86667,86667,134879,116203.01,116202,116206,115062.01,115062,115065,182900,180204.01,180203,180211,168242.00,168242,168243,226596,134287.00,134287,134290,153043.00,153043,153044,159761,96328.00,96328,96332,128491.01,128491,128493,124579,60167.01,60167,60169,82629.00,82629,82629,98580,46496.00,46496,46496,66902.00,66902,66902,98126
"G250","2010","Massachusetts","25",412473.00,412473,412476,397268.00,397268,397268,367087,378035.00,378035,378042,430861.00,430861,430861,385687,348093.00,348093,348096,431247.00,431247,431247,405613,214474.00,214474,214477,240688.00,240688,240688,260536,195460.00,195460,195461,175049.00,175049,175049,202220,106668.00,106668,106669,86049.00,86049,86049,101248,103331.00,103331,103331,81961.00,81961,81961,96372,303640.00,303640,303641,236269.00,236269,236269,278048,556920.00,556920,556926,434024.00,434024,434024,441525,544441.00,544441,544450,492764.00,492764,492764,403616,484393.00,484393,484397,540593.00,540593,540593,418195,434063.00,434063,434066,522402.00,522402,522402,468954,336669.00,336669,336672,461945.00,461945,461945,515434,263426.00,263426,263428,411408.00,411408,411408,497001,253458.00,253458,253459,310002.00,310002,310002,432822,103605.00,103605,103605,99290.00,99290,99290,156594,157992.00,157992,157993,137115.00,137115,137115,213953,252266.00,252266,252269,216498.00,216498,216498,264459,207615.00,207615,207618,211332.00,211332,211332,192001,160309.00,160309,160310,184941.00,184941,184941,162592,106885.00,106885,106885,130699.00,130699,130699,138473,92209.00,92209,92209,116692.00,116692,116692,145199
"G260","2010","Michigan","26",702554.00,702554,702554,672005.00,672005,672005,596286,692247.00,692247,692247,745181.00,745181,745181,637784,666370.00,666370,666370,747012.00,747012,747012,675216,397594.00,397594,397594,431569.00,431569,431569,434782,299209.00,299209,299209,288298.00,288298,288298,304817,150757.00,150757,150757,140244.00,140244,140244,149350,143173.00,143173,143173,134087.00,134087,134087,138484,411388.00,411388,411388,369508.00,369508,369508,381238,764262.00,764262,764262,654629.00,654629,654629,589583,810291.00,810291,810291,707542.00,707542,707542,574566,749062.00,749062,749062,787367.00,787367,787367,612493,657087.00,657087,657087,811006.00,811006,811006,665481,523730.00,523730,523730,734905.00,734905,734905,744581,424389.00,424389,424389,633034.00,633034,633034,765452,392787.00,392787,392787,485895.00,485895,485895,683186,160021.00,160021,160021,159433.00,159433,159433,243067,241915.00,241915,241915,217711.00,217711,217711,325744,369111.00,369111,369111,328835.00,328835,328835,418625,286727.00,286727,286727,314045.00,314045,314045,306084,212494.00,212494,212494,260144.00,260144,260144,244085,133222.00,133222,133222,173534.00,173534,173534,200855,106907.00,106907,106907,142460.00,142460,142460,191881
"G270","2010","Minnesota","27",336800.00,336800,336803,329594.00,329594,329594,355504,345840.01,345840,345845,355894.00,355894,355894,355536,313297.00,313297,313299,374995.00,374995,374996,352342,170846.00,170846,170847,226411.00,226411,226413,220681,126763.00,126763,126763,147951.00,147951,147951,147148,66046.00,66046,66046,70334.00,70334,70334,72732,62546.00,62546,62546,65906.00,65906,65906,70594,187454.00,187454,187455,186243.00,186243,186243,212325,381759.00,381759,381759,319826.00,319826,319826,372686,397984.01,397984,397987,353312.00,353312,353312,342900,361274.01,361274,361276,412490.00,412490,412490,328190,304810.00,304810,304811,411692.00,411692,411693,352904,237050.00,237050,237050,364247.00,364247,364248,406203,191410.00,191410,191410,301449.00,301449,301450,401695,173066.00,173066,173067,226857.00,226857,226860,349589,68308.00,68308,68309,75503.00,75503,75503,120761,102912.00,102912,102912,102509.00,102509,102509,159014,160036.00,160036,160036,153169.00,153169,153170,202570,134486.00,134486,134486,142656.00,142656,142657,151857,108433.00,108433,108434,122677.00,122677,122677,122114,75144.00,75144,75145,90163.00,90163,90163,99916,68835.00,68835,68835,85601.00,85601,85601,106664
"G280","2010","Mississippi","28",195365.00,195365,195371,204364.00,204364,204364,210956,211918.00,211918,211921,216920.00,216920,216920,205672,213305.00,213305,213314,218742.00,218742,218742,208248,126173.00,126173,126179,135161.00,135161,135161,130679,96706.00,96706,96711,98027.00,98027,98027,93940,45141.00,45141,45142,47999.00,47999,47999,45798,41320.00,41320,41320,44153.00,44153,44153,43475,110179.00,110179,110180,120795.00,120795,120795,121621,197740.00,197740,197746,192526.00,192526,192526,199082,202280.00,202280,202285,189272.00,189272,189272,188171,185402.00,185402,185410,212309.00,212309,212309,187368,164162.00,164162,164166,213063.00,213063,213063,187579,131627.00,131627,131634,192111.00,192111,192111,208369,116118.00,116118,116122,169870.00,169870,169870,208607,107784.00,107784,107784,132202.00,132202,132202,186569,42033.00,42033,42037,47422.00,47422,47422,67854,64679.00,64679,64681,66199.00,66199,66199,92902,99777.00,99777,99782,98179.00,98179,98179,120523,80372.00,80372,80373,87531.00,87531,87531,93946,65389.00,65389,65389,68558.00,68558,68558,69876,43411.00,43411,43411,46364.00,46364,46364,51703,32335.00,32335,32338,42891.00,42891,42891,44359
"G290","2010","Missouri","29",369244.02,369241,369247,369898.00,369894,369899,390237,378850.04,378847,378856,398898.00,398894,398902,390463,360481.04,360473,360488,412080.00,412076,412087,396925,206251.02,206247,206253,246816.00,246815,246817,247811,156566.00,156565,156568,166480.00,166479,166483,175975,77802.00,77801,77802,81184.00,81184,81184,86528,71767.00,71767,71768,76006.00,76006,76006,83511,211056.00,211051,211056,212308.00,212306,212310,243250,420002.02,419998,420004,362305.00,362305,362308,403239,432041.02,432038,432047,376428.00,376424,376432,372228,389625.04,389620,389633,443250.00,443248,443251,368070,345146.02,345137,345148,444319.00,444315,444326,380546,284337.02,284333,284342,395616.00,395612,395624,444766,238840.07,238838,238850,346846.00,346837,346849,443806,228556.03,228553,228568,279073.10,279068,279078,389985,90491.00,90490,90495,95840.10,95838,95843,140830,138338.00,138335,138342,132485.21,132485,132488,192463,218973.02,218968,218990,205372.00,205371,205373,257053,175229.02,175228,175237,187854.00,187851,187855,193437,143185.06,143184,143190,157207.00,157207,157207,155271,99077.02,99077,99078,106375.00,106375,106377,118754,81217.00,81217,81218,98571.00,98571,98572,113779
"G300","2010","Montana","30",59257.01,59257,59259,54869.00,54869,54869,62423,65377.01,65377,65381,61963.02,61963,61970,60765,62899.01,62899,62902,69298.02,69298,69306,61124,34571.01,34571,34575,43932.01,43932,43939,39251,22242.01,22242,22244,27378.00,27378,27380,27473,10461.00,10461,10462,12889.00,12889,12889,13789,9802.00,9802,9802,12143.00,12143,12145,13517,27506.00,27506,27507,33347.00,33347,33347,39832,56111.00,56111,56112,51104.00,51104,51104,64123,66959.00,66959,66962,52175.00,52175,52176,58741,68172.01,68172,68173,66580.02,66580,66587,55575,58584.01,58584,58590,75361.00,75361,75364,57370,45133.01,45133,45135,73398.01,73398,73400,71021,37173.00,37173,37175,61690.01,61690,61698,78811,34005.00,34005,34008,47174.00,47174,47176,75915,13894.01,13894,13898,15906.00,15906,15906,27095,20422.00,20422,20424,22039.00,22039,22040,35848,32496.00,32496,32499,32541.00,32541,32543,46556,28388.00,28388,28388,29978.00,29978,29979,34186,21408.00,21408,21409,24703.00,24703,24705,25637,13529.00,13529,13529,18390.00,18390,18390,20342,10676.00,10676,10677,15337.00,15337,15337,20021
"G310","2010","Nebraska","31",119606.00,119603,119613,117048.16,117044,117054,131908,126401.00,126400,126407,123445.00,123444,123445,128928,117383.02,117382,117388,128934.12,128929,128938,122706,65622.00,65621,65623,80815.00,80815,80815,75679,47238.00,47236,47240,54094.00,54094,54095,53251,23257.00,23257,23257,26068.00,26068,26069,26880,21988.00,21987,21989,24849.05,24849,24851,25679,63404.00,63401,63411,69414.00,69414,69415,76717,125217.01,125214,125227,112049.21,112048,112053,129076,131990.01,131987,131996,111224.07,111217,111227,116100,123778.00,123776,123785,130027.16,130023,130031,110361,105034.01,105034,105038,133807.00,133804,133809,110477,80668.00,80667,80671,122714.00,122712,122718,128491,68721.00,68715,68723,103040.00,103038,103041,130235,67281.10,67279,67284,77584.00,77582,77586,117686,26976.00,26976,26979,26258.00,26258,26259,41651,40752.00,40751,40754,37698.00,37696,37699,53839,64063.00,64060,64067,59391.00,59391,59391,68834,53580.00,53580,53582,56308.00,56308,56309,54292,44225.00,44224,44228,47991.00,47988,47991,46435,31998.00,31997,31998,34552.00,34552,34552,37808,29202.00,29202,29205,33953.00,33953,33953,39308
"G320","2010","Nevada","32",92217.00,92217,92217,145817.00,145817,145817,187478,85562.00,85562,85562,149322.00,149322,149322,183077,76008.00,76008,76008,139193.00,139193,139193,183173,43161.00,43161,43161,77467.00,77467,77467,111280,30999.00,30999,30999,49702.00,49702,49702,71320,16864.00,16864,16864,25378.00,25378,25378,35554,16948.00,16948,16948,25027.00,25027,25027,34258,54134.00,54134,54134,79601.00,79601,79601,107697,110583.00,110583,110583,148726.00,148726,148726,196644,111444.00,111444,111444,157885.00,157885,157885,190642,101268.00,101268,101268,165910.00,165910,165910,191652,90997.00,90997,90997,156051.00,156051,156051,191391,74228.00,74228,74228,140214.00,140214,140214,193790,61772.00,61772,61772,128836.00,128836,128836,182737,54681.00,54681,54681,105057.00,105057,105057,164575,21466.00,21466,21466,35967.00,35967,35967,62389,31870.00,31870,31870,49175.00,49175,49175,88535,50112.00,50112,50112,71387.00,71387,71387,115501,35673.00,35673,35673,60388.00,60388,60388,82280,22564.00,22564,22564,44851.00,44851,44851,57503,11819.00,11819,11819,25314.00,25314,25314,38888,7463.00,7463,7463,16989.00,16989,16989,30187
"G330","2010","New Hampshire","33",84565.00,84565,84565,75685.00,75685,75685,69806,80641.00,80641,80641,88537.00,88537,88537,77756,71725.00,71725,71725,93255.00,93255,93255,84620,41824.00,41824,41824,52085.00,52085,52085,55052,34640.00,34640,34640,34603.00,34603,34603,38568,17759.00,17759,17759,15858.00,15858,15858,18591,17190.00,17190,17190,15053.00,15053,15053,18356,48013.00,48013,48013,37855.00,37855,37855,47599,98662.00,98662,98662,71355.00,71355,71355,73121,106161.00,106161,106161,88706.00,88706,88706,71351,96722.00,96722,96722,109654.00,109654,109654,82152,85910.00,85910,85910,111525.00,111525,111525,97026,63908.00,63908,63908,98117.00,98117,98117,113564,48307.00,48307,48307,85869.00,85869,85869,112397,44703.00,44703,44703,62664.00,62664,62664,96289,17518.00,17518,17518,19860.00,19860,19860,34487,25975.00,25975,25975,27135.00,27135,27135,47467,39753.00,39753,39753,41143.00,41143,41143,57176,31718.00,31718,31718,37184.00,37184,37184,39586,24016.00,24016,24016,30593.00,30593,30593,31774,16256.00,16256,16256,20819.00,20819,20819,24971,13286.00,13286,13286,18231.00,18231,18231,24761
"G340","2010","New Jersey","34",532637.81,532635,532649,563785.00,563785,563785,541020,493045.59,493037,493054,604529.00,604529,604529,564750,480982.95,480976,480992,590577.00,590577,590577,587335,292798.00,292797,292798,328667.00,328667,328667,372109,212589.99,212588,212590,196549.00,196549,196549,225990,113488.98,113486,113489,96770.00,96770,96770,108760,109089.99,109089,109090,94284.00,94284,94284,106219,344015.00,344014,344016,289025.00,289025,289025,326259,668919.44,668913,668925,544917.00,544917,544917,553139,691733.96,691727,691748,644123.00,644123,644123,556662,622962.96,622956,622977,727924.00,727924,727924,588379,573695.95,573689,573707,707182.00,707182,707182,649918,466480.97,466475,466489,611357.00,611357,611357,704516,376527.95,376521,376530,547541.00,547541,547541,674680,355676.97,355672,355684,423338.00,423338,423338,565623,145713.00,145713,145713,139928.00,139928,139928,201084,217807.99,217807,217809,190718.00,190718,190718,279458,340231.97,340229,340233,293196.00,293196,293196,350972,269959.98,269956,269960,281473.00,281473,281473,260462,201441.00,201439,201441,240131.00,240131,240131,215715,124845.00,124845,124845,162337.00,162337,162337,179233,95547.00,95547,95547,135999.00,135999,135999,179611
"G350","2010","New Mexico","35",125878.00,125874,125879,130628.00,130628,130628,144981,131059.00,131054,131064,141171.00,141171,141171,143308,121632.00,121631,121635,147309.00,147309,147309,141691,68172.00,68169,68176,89466.00,89466,89466,88692,45766.00,45766,45766,56285.00,56285,56285,61169,22402.00,22402,22404,26641.00,26641,26641,29935,21176.00,21175,21177,24702.00,24702,24702,28237,62480.00,62476,62481,69948.00,69948,69948,84198,126083.00,126076,126085,115387.00,115387,115387,139678,130666.00,130661,130669,118704.00,118704,118704,127567,121963.00,121958,121965,140378.00,140378,140378,123303,105754.00,105746,105758,141631.00,141631,141631,125220,80790.00,80785,80797,131000.00,131000,131000,144839,66658.00,66649,66661,114819.00,114819,114819,147170,62038.00,62036,62043,87140.00,87140,87140,136799,24205.00,24205,24207,30051.00,30051,30051,51238,35285.00,35283,35289,41561.00,41561,41561,68899,55478.00,55477,55481,63227.00,63227,63227,87890,42129.00,42129,42132,54518.00,54518,54518,65904,31723.00,31723,31725,43729.00,43729,43729,50230,19500.00,19500,19501,27445.00,27445,27445,36238,14232.00,14232,14233,23306.00,23306,23306,31993
"G360","2010","New York","36",1255762.85,1255736,1255770,1239417.00,1239411,1239417,1155822,1178004.13,1177988,1178017,1351857.00,1351850,1351858,1163955,1140176.92,1140155,1140190,1332432.93,1332425,1332440,1211456,685601.82,685595,685604,766400.00,766400,766402,793696,544524.84,544519,544527,521144.00,521143,521145,572582,294540.93,294539,294545,260034.00,260034,260034,293083,279689.01,279688,279690,249264.00,249264,249264,281596,834668.99,834665,834671,735011.00,735009,735013,836256,1564614.36,1564599,1564622,1304725.00,1304720,1304726,1380177,1573570.74,1573544,1573586,1452598.98,1452597,1452601,1279160,1426460.95,1426441,1426471,1566082.98,1566078,1566085,1254124,1298224.05,1298206,1298240,1508214.96,1508209,1508220,1355893,1042316.93,1042303,1042326,1341138.01,1341136,1341142,1458763,871602.96,871592,871612,1211798.01,1211792,1211805,1419928,811857.03,811846,811865,932008.00,932005,932011,1237408,335401.92,335400,335403,319811.00,319811,319814,453993,489708.01,489706,489709,436168.00,436166,436168,612267,755342.03,755339,755345,657600.00,657597,657602,773211,592937.03,592933,592944,618446.00,618445,618446,587391,461879.92,461876,461882,514132.00,514132,514132,474807,305390.00,305390,305390,346686.00,346684,346688,391660,248173.00,248173,248173,311488.00,311488,311488,390874
"G370","2010","North Carolina","37",458954.98,458954,458961,539509.00,539509,539510,632040,439621.00,439620,439624,562553.00,562553,562554,635945,436839.97,436838,436847,551366.97,551366,551371,631104,270732.97,270729,270739,310618.00,310618,310621,382546,227097.00,227094,227099,229313.00,229313,229313,277045,121249.00,121249,121250,122685.00,122685,122686,141076,115375.00,115375,115375,117974.00,117974,117974,136169,317332.00,317332,317334,336848.97,336848,336849,384328,572875.00,572875,572881,601522.00,601522,601522,627036,571000.00,571000,571004,611893.00,611893,611894,619557,527924.00,527924,527932,655440.00,655440,655442,659843,479686.92,479680,479691,631680.00,631679,631681,667308,381726.94,381723,381730,570410.97,570410,570413,698753,316977.98,316976,316979,514738.94,514736,514740,669893,295738.98,295737,295745,400206.97,400205,400208,600722,116081.00,116080,116083,134692.00,134691,134693,222924,175083.00,175083,175087,188813.00,188813,188813,315115,274530.00,274530,274535,282836.00,282836,282838,403024,208575.00,208574,208579,250941.00,250941,250941,294543,155430.00,155430,155432,201444.00,201444,201444,223655,95837.00,95837,95837,128366.00,128366,128366,165396,69969.00,69969,69969,105461.00,105461,105461,147461
"G380","2010","North Dakota","38",47845.01,47844,47846,39400.04,39400,39404,44595,52032.01,52030,52034,42982.04,42982,42985,40076,48820.00,48820,48820,47464.01,47464,47465,39790,26688.00,26687,26688,31003.01,31003,31004,25410,19980.00,19980,19981,22615.00,22615,22615,22064,10770.00,10770,10770,11633.00,11633,11633,12484,9963.00,9962,9963,10800.00,10800,10800,12007,27140.00,27140,27141,28070.00,28070,28070,34465,50154.02,50154,50155,38792.02,38792,38794,49596,53861.01,53859,53864,38095.03,38095,38098,40889,50133.01,50133,50134,46991.03,46991,46993,37065,39887.00,39886,39888,51013.02,51013,51014,38197,30635.00,30634,30637,47436.00,47435,47436,46380,26449.01,26449,26451,37995.00,37995,37995,50277,26268.01,26268,26271,28926.04,28926,28929,45946,10975.00,10975,10975,9888.00,9888,9888,15575,16145.00,16145,16146,14619.01,14619,14620,20298,24950.00,24950,24950,23142.01,23142,23143,26028,22591.01,22591,22593,22759.01,22759,22760,20845,18990.00,18990,18992,19085.00,19085,19085,18368,13284.00,13284,13284,14766.00,14766,14766,15548,11240.00,11240,11240,14726.00,14726,14726,16688
"G390","2010","Ohio","39",785149.00,785149,785153,754929.42,754929,754930,720856,795132.66,795131,795149,816346.00,816346,816346,747889,766820.83,766820,766829,827811.00,827811,827811,774699,452636.83,452636,452643,489251.42,489251,489252,487307,341279.83,341279,341284,327614.25,327613,327616,336375,170140.00,170140,170141,160084.00,160084,160084,163986,161619.00,161619,161622,150861.00,150861,150861,157045,463378.00,463378,463379,417983.00,417983,417983,442085,868562.83,868562,868568,735580.90,735579,735582,718630,926622.25,926621,926633,784310.90,784309,784312,691329,853475.83,853475,853484,883769.64,883767,883771,718462,762376.25,762375,762397,921543.25,921542,921545,761369,599372.42,599372,599379,834829.57,834828,834831,855134,514067.08,514065,514079,731549.89,731546,731553,887057,482524.25,482523,482537,553172.64,553170,553174,786857,196535.00,196535,196536,190276.99,190275,190279,284403,300445.00,300445,300447,265451.83,265451,265453,381006,466112.42,466112,466115,402666.25,402665,402668,478864,361914.42,361914,361919,387583.74,387583,387584,371370,268896.42,268896,268902,325467.74,325467,325468,297519,172004.83,172004,172007,215240.42,215240,215241,243833,138030.00,138030,138030,176795.42,176795,176796,230429
"G400","2010","Oklahoma","40",226523.00,226515,226532,236353.00,236353,236354,264126,244122.00,244117,244132,244525.00,244525,244528,259336,231892.00,231883,231898,252029.00,252029,252031,253664,134470.00,134465,134476,159453.00,159453,159454,152540,98623.00,98622,98628,109920.00,109920,109920,111944,49492.00,49491,49492,54754.00,54754,54754,56068,45988.00,45988,45990,50548.00,50548,50548,54032,127285.98,127284,127286,141863.00,141863,141863,159142,248609.00,248605,248621,229026.00,229026,229030,265737,260710.00,260705,260719,222621.00,222621,222622,241018,239543.00,239536,239548,259131.00,259130,259135,232742,212698.00,212692,212707,264391.00,264390,264392,228195,175217.98,175214,175227,240805.00,240805,240807,261242,147757.00,147757,147759,212956.00,212956,212958,264369,141213.98,141211,141222,173199.00,173199,173205,235969,54286.00,54284,54288,59891.96,59890,59895,85815,82941.00,82935,82942,83238.00,83238,83239,118698,131555.00,131549,131560,128756.00,128756,128758,159392,103580.00,103577,103582,113743.00,113743,113743,121075,84855.00,84850,84857,94068.00,94068,94070,95051,58375.00,58375,58375,62208.00,62208,62208,69284,45848.00,45846,45848,57175.00,57175,57175,61912
"G410","2010","Oregon","41",201421.00,201421,201431,223005.00,223005,223005,237556,209775.00,209775,209784,234474.00,234474,234474,237214,201365.00,201365,201374,242098.00,242098,242100,242553,111569.00,111569,111572,146949.00,146949,146949,149130,78386.00,78386,78390,97478.00,97478,97478,105730,40941.00,40941,40941,48047.00,48047,48047,52462,38492.00,38492,38492,45575.00,45575,45575,50575,109709.00,109709,109712,136784.00,136784,136784,150011,211981.00,211981,211988,233850.00,233850,233850,265033,239563.00,239563,239569,236845.00,236845,236845,259111,251195.00,251195,251198,255751.00,255751,255753,251163,223656.00,223655,223666,270823.00,270823,270824,248362,167378.00,167378,167386,271315.00,271315,271315,262879,129217.00,129217,129225,235840.00,235840,235840,276196,116011.00,116010,116016,173008.00,173008,173010,273423,46467.00,46467,46467,55894.00,55894,55895,100551,73871.00,73871,73874,75486.00,75486,75488,135592,122912.00,122912,122915,112613.00,112613,112613,169847,101526.00,101526,101532,106727.00,106727,106727,120194,78546.00,78546,78554,95059.00,95059,95059,91601,49525.00,49525,49528,66345.00,66345,66346,74019,38815.00,38815,38817,57431.00,57431,57432,77872
"G420","2010","Pennsylvania","42",797058.34,797051,797086,727804.00,727802,727813,729538,788301.29,788298,788318,827945.00,827944,827961,753635,755161.14,755159,755181,863849.08,863847,863867,791151,454290.18,454288,454299,502623.00,502622,502625,517831,363768.17,363766,363777,348363.00,348363,348365,387235,187448.09,187448,187451,168194.00,168194,168195,191942,179959.00,179958,179961,159135.00,159135,159135,183257,495600.02,495599,495607,418757.00,418757,418759,498947,920217.21,920213,920237,732701.52,732701,732713,781527,992239.32,992235,992260,827785.54,827783,827795,729592,923018.10,923012,923029,951400.80,951397,951413,764287,821849.02,821845,821865,996676.05,996673,996690,851382,656083.10,656083,656091,908650.26,908650,908657,955763,557762.10,557761,557776,796382.78,796379,796400,984641,552378.00,552378,552386,619969.78,619969,619975,879048,236135.08,236135,236139,210894.26,210894,210898,312575,371271.00,371269,371276,300762.00,300760,300766,430721,590557.00,590556,590562,480656.00,480656,480661,553002,479464.00,479463,479472,488616.26,488613,488622,426536,361306.08,361304,361311,422311.26,422311,422315,362332,225943.00,225942,225945,290015.00,290015,290017,311761,171836.00,171836,171836,237567.00,237567,237569,305676
"G440","2010","Rhode Island","44",66968.99,66964,66969,63895.97,63888,63896,57448,63730.95,63708,63731,71904.96,71893,71905,60440,59405.98,59396,59406,71369.95,71356,71370,63824,35583.98,35575,35584,40650.99,40647,40651,42244,35277.99,35274,35278,34793.98,34789,34794,37802,19651.99,19647,19652,17258.00,17258,17258,19537,17538.00,17537,17538,16109.00,16108,16109,18508,47889.99,47886,47890,38446.00,38445,38446,44122,85851.98,85841,85852,64731.97,64722,64732,65799,87771.98,87758,87772,75593.97,75584,75594,61163,78575.95,78556,78576,85363.96,85353,85364,63730,69040.97,69030,69041,84945.96,84933,84946,73130,53382.99,53376,53383,75428.97,75420,75429,81300,43041.98,43034,43042,66433.97,66425,66434,81050,42076.99,42074,42077,49981.95,49968,49982,70634,18287.00,18287,18287,16297.99,16295,16298,25250,28838.99,28835,28839,22708.99,22707,22709,34705,47209.99,47204,47210,36022.99,36021,36023,42802,38405.99,38400,38406,37660.99,37659,37661,31077,29668.99,29666,29669,34075.99,34072,34076,26645,19246.00,19245,19246,23744.99,23743,23745,24607,16016.00,16015,16016,20897.00,20897,20897,26750
"G450","2010","South Carolina","45",256337.00,256334,256337,264679.00,264677,264679,302297,256076.00,256076,256076,285243.00,285240,285243,295853,253719.00,253715,253719,290479.00,290477,290479,297286,154075.00,154071,154075,169240.00,169235,169240,185038,123559.00,123559,123559,126137.00,126137,126137,143951,61955.00,61954,61955,62103.00,62102,62103,73846,58644.00,58644,58644,58504.00,58504,58504,69700,162368.00,162366,162368,161107.00,161107,161107,188948,296764.00,296761,296764,276855.00,276854,276855,304378,294584.00,294582,294584,283976.00,283973,283976,287678,275683.00,275680,275683,314558.00,314553,314558,296682,247612.00,247610,247612,310566.00,310561,310566,304610,196103.00,196103,196103,287778.00,287775,287778,332766,159507.00,159505,159507,262543.00,262541,262543,326662,148762.00,148758,148762,206762.00,206757,206762,303240,56803.00,56803,56803,69909.00,69908,69909,115411,87217.00,87216,87217,96240.00,96239,96240,165144,140455.00,140453,140455,145599.00,145597,145599,215561,105850.00,105850,105850,124449.00,124449,124449,153482,74914.00,74913,74914,101445.00,101445,101445,113248,44967.00,44967,44967,63571.00,63571,63571,78866,30749.00,30749,30749,50269.00,50269,50269,70717
"G460","2010","South Dakota","46",54503.99,54499,54505,51068.96,51065,51069,59621,58794.99,58788,58797,54485.96,54483,54486,55531,55437.00,55435,55437,59462.99,59461,59463,53960,29726.00,29725,29727,37630.99,37628,37631,33685,20845.00,20844,20845,24832.00,24832,24832,23943,10169.00,10169,10169,12175.00,12175,12175,11907,9661.00,9661,9662,11097.00,11097,11097,11739,27438.00,27436,27438,29530.00,29530,29530,33950,53142.98,53140,53143,45083.98,45082,45084,55570,56269.98,56262,56272,45928.97,45926,45929,49859,52525.99,52523,52526,56586.97,56585,56587,45766,42690.00,42688,42691,58798.98,58797,58799,47346,33527.00,33525,33528,53865.00,53864,53866,57519,29141.99,29140,29142,43817.00,43816,43817,59399,29217.99,29213,29218,33610.96,33605,33611,54231,12176.00,12173,12176,11780.00,11779,11780,18999,18406.00,18404,18406,16957.99,16956,16958,24574,29466.00,29465,29466,27125.99,27124,27126,31944,25004.99,25003,25005,26002.99,26001,26003,25683,20307.00,20302,20307,22520.00,22520,22520,21724,14210.00,14209,14210,16396.00,16396,16396,18004,13343.00,13340,13343,16086.00,16086,16086,19226
"G470","2010","Tennessee","47",333414.95,333408,333416,374879.61,374861,374889,407813,337368.23,337360,337378,395812.78,395781,395817,412181,339098.10,339091,339103,395155.06,395133,395158,418941,206723.12,206717,206728,232672.04,232655,232676,257066,159843.00,159842,159845,162510.63,162505,162513,180120,79104.90,79102,79105,81801.00,81799,81801,89380,73731.00,73730,73732,78906.95,78905,78908,86356,214976.01,214973,214981,225636.95,225621,225638,250508,402976.10,402971,402982,403828.45,403800,403836,417683,409344.34,409333,409350,412071.69,412046,412076,406314,386325.93,386312,386331,453326.35,453300,453332,423622,354661.18,354654,354673,449199.57,449171,449203,430508,286552.98,286545,286555,412703.48,412677,412706,467087,239657.14,239646,239663,374212.23,374200,374222,459349,220951.75,220940,220957,293941.66,293930,293946,414991,85466.99,85463,85469,100478.89,100472,100481,155235,128170.10,128169,128173,138829.61,138823,138831,215489,200986.48,200978,200999,204570.74,204563,204573,280538,156437.11,156427,156442,178281.62,178275,178290,206536,122539.22,122533,122544,144848.24,144845,144855,154517,80062.00,80059,80062,94146.12,94141,94150,111954,58794.08,58793,58797,81465.06,81464,81469,99917
"G480","2010","Texas","48",1390054.00,1390047,1390063,1624628.00,1624623,1624628,1928473,1396173.00,1396163,1396184,1654184.00,1654178,1654184,1928234,1294353.01,1294352,1294371,1631191.92,1631187,1631194,1881883,755259.00,755255,755266,976754.92,976751,976758,1127234,556432.00,556430,556436,659477.00,659476,659480,755890,280266.00,280266,280267,323645.00,323645,323645,369040,264658.00,264657,264659,305287.86,305286,305289,359015,789488.02,789484,789496,910471.00,910470,910472,1089024,1532740.00,1532730,1532756,1591522.00,1591520,1591523,1853039,1553430.00,1553420,1553441,1570561.00,1570555,1570561,1760434,1372521.00,1372515,1372533,1688882.92,1688878,1688884,1763587,1166504.00,1166498,1166517,1633354.92,1633351,1633361,1694795,906582.02,906575,906594,1416177.86,1416174,1416183,1760467,722052.00,722049,722063,1194959.00,1194956,1194959,1674869,661590.02,661583,661598,896520.86,896516,896521,1422924,255420.00,255419,255421,295009.04,295008,295011,500523,372411.00,372407,372414,406660.00,406660,406660,674244,571266.72,571261,571273,610432.00,610431,610432,853100,426969.51,426965,426972,532176.00,532174,532178,619156,334013.80,334008,334015,424034.00,424030,424035,477245,217718.00,217717,217718,267949.47,267946,267951,347206,166605.00,166603,166607,237940.00,237936,237940,305179
"G490","2010","Utah","49",169633.00,169633,169640,209378.00,209378,209385,263924,183674.00,183674,183676,193033.00,193033,193038,249572,183846.00,183846,183848,192288.00,192288,192289,227951,90291.00,90291,90294,123999.00,123999,124000,129580,62164.00,62164,62165,92279.00,92279,92281,91510,28081.00,28081,28081,43149.00,43149,43149,42204,27946.00,27946,27946,46342.00,46342,46343,45173,81795.00,81795,81798,135661.00,135661,135664,139142,137321.00,137321,137323,178474.00,178474,178481,229554,137577.00,137577,137579,148590.00,148590,148593,216133,124209.00,124209,124210,150695.00,150695,150697,178401,100463.00,100463,100465,148841.00,148841,148842,154074,77148.00,77148,77149,131665.00,131665,131666,154831,61333.00,61333,61333,106045.00,106045,106046,152133,54930.00,54930,54931,80053.00,80053,80055,133122,21224.00,21224,21226,26447.00,26447,26447,46154,31257.00,31257,31257,36008.14,36008,36009,60965,48676.00,48676,48677,53734.14,53734,53736,79480,39511.00,39511,39512,47814.00,47814,47814,58744,29266.00,29266,29266,39745.00,39745,39745,45835,18894.00,18894,18896,27178.00,27178,27178,34412,13611.00,13611,13611,21751.00,21751,21751,30991
"G500","2010","Vermont","50",41260.99,41257,41261,33989.00,33989,33989,31952,41788.99,41785,41789,41101.00,41100,41101,34654,37989.99,37984,37990,45396.99,45390,45397,37637,22043.00,22042,22043,27036.00,27034,27036,24990,19656.00,19656,19656,18734.00,18733,18734,21022,10015.00,10014,10015,9222.00,9222,9222,10433,9716.00,9716,9716,8326.00,8326,8326,9651,23779.00,23778,23779,20304.00,20302,20304,23767,45261.00,45260,45261,34182.00,34181,34182,35441,49995.99,49988,49996,40385.00,40383,40385,34181,49057.00,49054,49057,49376.00,49374,49376,36358,43374.99,43366,43375,52512.99,52508,52513,42001,32650.00,32647,32650,50106.99,50103,50107,50110,24739.00,24737,24739,43724.99,43718,43725,52493,22787.00,22784,22787,32603.00,32600,32603,48739,9036.00,9035,9036,10212.00,10209,10212,17634,13445.00,13445,13445,14105.00,14105,14105,23600,20618.00,20618,20618,21126.00,21124,21126,29390,16454.00,16451,16454,19557.00,19557,19557,20148,12825.00,12825,12825,15930.00,15930,15930,15960,8743.00,8743,8743,10901.00,10899,10901,12783,7523.00,7523,7523,9996.00,9996,9996,12797
"G510","2010","Virginia","51",443155.00,443098,443201,461981.97,461912,462016,509625,424360.95,424295,424440,495083.95,495008,495124,511849,398531.00,398450,398613,495955.00,495893,495997,511246,238691.02,238659,238746,285240.96,285203,285296,320957,199864.99,199842,199906,198823.97,198794,198838,230008,108240.00,108232,108258,101546.00,101534,101553,117445,104937.00,104930,104947,97925.99,97921,97933,114918,306688.98,306664,306726,281102.02,281073,281121,339728,574240.97,574186,574298,497171.98,497139,497222,564342,566446.95,566357,566520,539792.94,539710,539834,526077,518257.98,518181,518341,610809.95,610702,610879,540063,473498.04,473427,473585,589879.93,589768,589937,568865,371997.03,371949,372074,526220.98,526135,526286,621155,291335.01,291296,291391,473034.96,472956,473112,592845,257207.00,257164,257261,358441.93,358380,358496,512595,99165.99,99151,99192,116717.92,116696,116736,186629,146270.00,146253,146298,156450.98,156421,156476,255740,228729.99,228703,228784,229552.97,229509,229590,320302,171892.00,171873,171917,202903.00,202877,202943,229502,125297.99,125284,125336,166178.00,166164,166207,173929,78841.00,78831,78869,106432.99,106420,106447,130801,59709.00,59704,59722,87266.00,87263,87277,122403
"G530","2010","Washington","53",366780.00,366780,366780,394306.00,394306,394306,439657,371093.00,371093,371093,425909.00,425909,425909,429877,337662.00,337662,337662,434836.00,434836,434836,438233,185852.00,185852,185852,258792.00,258792,258792,273587,136859.00,136859,136859,169176.00,169176,169176,188541,73950.00,73950,73950,83126.00,83126,83126,94086,70956.00,70956,70956,78453.00,78453,78453,91883,206774.00,206774,206774,228606.00,228606,228606,275543,411822.00,411822,411822,403652.00,403652,403652,480398,443366.00,443366,443366,437478.00,437478,437478,453383,427690.00,427690,427690,483950.00,483950,483950,448607,376073.00,376073,376073,491137.00,491137,491137,459698,284674.00,284674,284674,454223.00,454223,454223,492909,216869.00,216869,216869,391749.00,391749,391749,495296,191602.00,191602,191602,285505.00,285505,285505,453078,75747.00,75747,75747,90326.00,90326,90326,162454,113635.00,113635,113635,120749.00,120749,120749,219633,186679.00,186679,186679,176225.00,176225,176225,270474,149355.00,149355,149355,160941.00,160941,160941,186746,112448.00,112448,112448,142708.00,142708,142708,142068,70505.00,70505,70505,98189.00,98189,98189,111118,56301.00,56301,56301,84085.00,84085,84085,117271
"G540","2010","West Virginia","54",106658.99,106644,106684,101805.01,101800,101849,104060,119874.00,119861,119899,111150.01,111140,111183,106016,134813.00,134802,134837,116182.01,116171,116216,109045,82231.01,82225,82247,73256.01,73254,73275,68297,59824.00,59820,59834,52322.01,52321,52333,51795,27439.00,27437,27440,26749.00,26748,26754,25873,25302.00,25301,25306,25050.00,25050,25050,24305,67426.00,67421,67433,68310.00,68309,68315,67026,122144.00,122130,122161,113577.00,113570,113588,108444,139558.99,139543,139595,115517.02,115510,115560,112254,141183.00,141173,141227,129816.02,129810,129870,117136,129921.01,129906,129952,142433.03,142423,142484,120358,101371.01,101367,101388,141229.01,141218,141269,132924,89947.00,89938,89958,129237.07,129222,129270,143232,85265.00,85258,85280,98916.08,98914,98946,139368,35697.00,35695,35702,35525.07,35522,35533,53956,55924.99,55918,55936,50375.01,50371,50393,71501,87214.99,87205,87227,75863.01,75860,75881,91728,68528.00,68522,68533,72600.00,72596,72612,71792,53708.00,53705,53713,58801.99,58797,58808,54725,33994.99,33991,33998,37851.01,37851,37854,43238,25451.00,25451,25451,31779.00,31777,31779,35921
"G550","2010","Wisconsin","55",360730.05,360730,360734,342340.01,342340,342341,358443,376303.01,376303,376304,379484.08,379484,379491,368617,353587.05,353587,353591,403074.06,403074,403079,375927,198362.03,198362,198365,243858.01,243858,243859,236505,148927.02,148927,148929,163337.00,163337,163337,162704,76463.01,76463,76464,80549.00,80549,80549,80763,73120.00,73120,73120,74769.00,74769,74769,78216,213816.00,213816,213816,201974.00,201974,201974,227573,401345.03,401345,401348,333913.05,333913,333917,372347,420870.03,420870,420873,372255.02,372255,372257,349347,389508.02,389508,389510,435255.02,435255,435257,345328,335109.09,335109,335117,440267.02,440267,440269,380338,260504.01,260504,260505,397693.00,397693,397693,437627,218378.00,218378,218378,334613.00,334613,334613,436126,204647.00,204647,204647,252742.00,252742,252742,385986,83496.00,83496,83496,85316.00,85316,85316,135437,125383.00,125383,125383,119683.00,119683,119683,178388,195309.02,195309,195311,182119.00,182119,182119,227029,163110.01,163110,163111,173188.00,173188,173188,173467,131296.01,131296,131297,146675.01,146675,146676,141252,87213.00,87213,87213,104946.02,104946,104948,117061,74293.01,74293,74294,95625.02,95625,95627,118505
"G560","2010","Wyoming","56",34779.85,34766,34801,30939.72,30926,30945,40203,40616.88,40605,40635,34126.79,34109,34139,37213,38916.84,38905,38931,38375.68,38362,38390,35955,21210.98,21208,21220,25429.94,25425,25439,22031,13596.00,13596,13598,16472.91,16468,16475,16111,6428.99,6427,6430,7632.99,7631,7634,8377,5677.99,5676,5678,6963.99,6963,6965,7974,15682.99,15681,15689,18858.00,18856,18863,23967,33267.89,33255,33279,30083.96,30080,30084,41276,41027.93,41019,41044,29769.91,29756,29775,36373,40913.96,40910,40921,36481.77,36467,36491,33861,33284.99,33280,33289,42282.90,42276,42299,33105,25265.99,25263,25273,40700.96,40698,40706,39472,20231.00,20227,20234,33377.99,33372,33381,44105,17892.99,17890,17894,24935.00,24931,24938,40946,7253.99,7252,7257,8302.99,8301,8306,14123,10342.94,10335,10347,11351.99,11347,11353,18444,15718.99,15718,15722,16598.00,16593,16602,22974,12039.99,12036,12043,14744.98,14742,14749,16594,9107.00,9106,9109,11808.00,11805,11811,12492,5778.99,5778,5779,7806.99,7806,7809,9428,4549.96,4549,4552,6735.00,6735,6735,8602
